INSERT INTO `article` (`id`, `description`, `name`, `price`, `unit`) VALUES (1, 'Quia nobis exercitationem omnis doloribus. Quas recusandae eaque et maiores libero. Minima quo ullam nobis explicabo animi id. Commodi molestias exercitationem ullam rem deleniti amet sequi.', 'et', '19', 't');
INSERT INTO `article` (`id`, `description`, `name`, `price`, `unit`) VALUES (2, 'Numquam eum qui aperiam accusantium voluptas id. Qui quod quae velit quis. Dolores accusamus non nisi quibusdam. Sit sed ad fugit cupiditate ut.', 'placeat', '1351463', 'i');
INSERT INTO `article` (`id`, `description`, `name`, `price`, `unit`) VALUES (3, 'Aut earum et eos a rerum nemo temporibus. Corrupti repellendus fugit reprehenderit. Et nihil sapiente atque est repellendus suscipit et. Quis sed enim repellendus consectetur.', 'quo', '155682207', 'j');
INSERT INTO `article` (`id`, `description`, `name`, `price`, `unit`) VALUES (4, 'Hic sequi quod id est. Qui asperiores excepturi totam saepe odit quo. Blanditiis quis reiciendis est ipsa rerum. Omnis quia qui fugiat.', 'deleniti', '390018', 's');
INSERT INTO `article` (`id`, `description`, `name`, `price`, `unit`) VALUES (5, 'Quisquam nulla fugiat enim libero vel consequatur sint debitis. Distinctio ea suscipit aliquam provident et veritatis mollitia. Et necessitatibus assumenda molestiae et.', 'atque', '568040', 'y');
INSERT INTO `article` (`id`, `description`, `name`, `price`, `unit`) VALUES (6, 'Et autem ut vitae et corrupti cum dolore. Ipsum et architecto quam a optio laboriosam occaecati. Quod qui quos eos soluta ea beatae. In temporibus qui neque occaecati.', 'possimus', '1', 'y');
INSERT INTO `article` (`id`, `description`, `name`, `price`, `unit`) VALUES (7, 'Quo ab itaque ut quia tempore ut atque unde. Aut iusto hic fugit quia. Dignissimos occaecati velit nam. Sit eveniet culpa dolores cupiditate voluptatem magni.', 'repellat', '3868469', 'n');
INSERT INTO `article` (`id`, `description`, `name`, `price`, `unit`) VALUES (8, 'Omnis eaque ipsum sapiente sed veniam aut. Vel suscipit at dicta cum. Adipisci aut doloremque qui. Quia debitis voluptatem aspernatur. Blanditiis omnis quia fugit ex placeat voluptatem.', 'ut', '0', 'q');
INSERT INTO `article` (`id`, `description`, `name`, `price`, `unit`) VALUES (9, 'Praesentium quis aut eos odit quaerat. Mollitia et ut ex laudantium necessitatibus molestiae quas. Qui accusantium laudantium est maxime sint exercitationem sit.', 'provident', '2954688', 'o');
INSERT INTO `article` (`id`, `description`, `name`, `price`, `unit`) VALUES (10, 'Quasi molestiae aut blanditiis ut. Totam velit dolores sint fugit quibusdam distinctio ipsum. Alias recusandae vel maxime quos voluptatibus ipsa vel deserunt.', 'ut', '409514', 'n');
INSERT INTO `article` (`id`, `description`, `name`, `price`, `unit`) VALUES (11, 'Accusamus rem rerum unde autem. Accusantium amet ipsa aliquam eum porro aliquid. Vel maiores quam veritatis consequatur qui. Qui aut omnis facilis ut sunt quibusdam quaerat. Facilis voluptatem voluptas nesciunt animi magnam rem.', 'est', '1870871', 'y');
INSERT INTO `article` (`id`, `description`, `name`, `price`, `unit`) VALUES (12, 'Reprehenderit quis sint repellendus. Fugit at consectetur ullam recusandae et aut. Aut occaecati temporibus recusandae architecto atque.', 'distinctio', '0', 'i');
INSERT INTO `article` (`id`, `description`, `name`, `price`, `unit`) VALUES (13, 'Est aperiam hic hic sunt accusamus quidem. Non repudiandae quaerat mollitia qui itaque dolores qui. Labore veniam nobis in aliquid.', 'impedit', '0', 'l');
INSERT INTO `article` (`id`, `description`, `name`, `price`, `unit`) VALUES (14, 'Nihil qui pariatur alias aut non officia. Atque perferendis aliquid soluta iure. Doloremque aperiam omnis voluptatem aut ut autem asperiores dignissimos. Amet officiis aspernatur accusantium ullam.', 'soluta', '287025', 'm');
INSERT INTO `article` (`id`, `description`, `name`, `price`, `unit`) VALUES (15, 'Quibusdam exercitationem rerum aperiam non illo harum. Accusantium quod fuga iure possimus. Doloribus rerum quidem voluptatum modi velit quis sit.', 'ea', '50299', 'o');
INSERT INTO `article` (`id`, `description`, `name`, `price`, `unit`) VALUES (16, 'Cumque hic ipsam rerum sed. Hic labore id tenetur reiciendis facere. Dolorem suscipit distinctio quam nostrum neque.', 'optio', '2', 'p');
INSERT INTO `article` (`id`, `description`, `name`, `price`, `unit`) VALUES (17, 'Cupiditate iure exercitationem amet similique facilis quia. Dolore assumenda ratione et occaecati eius quidem assumenda inventore. Quibusdam consequatur rerum cumque. Sapiente voluptatum et qui itaque soluta. Debitis ea qui cum ullam.', 'eius', '52877558', 'j');
INSERT INTO `article` (`id`, `description`, `name`, `price`, `unit`) VALUES (18, 'Omnis quo error labore nulla aut. Excepturi enim nihil molestias eum ipsam occaecati. Cumque odit nesciunt animi vitae quia.', 'voluptatem', '4468444', 'l');
INSERT INTO `article` (`id`, `description`, `name`, `price`, `unit`) VALUES (19, 'Tenetur iure non ut perspiciatis. Impedit corporis aut aut sint. Placeat fugit rerum ad fuga. Possimus omnis aut aut cupiditate ab. Tempore rem dolorum cumque ex tenetur perferendis laudantium.', 'maxime', '58117', 'e');
INSERT INTO `article` (`id`, `description`, `name`, `price`, `unit`) VALUES (20, 'Modi nobis non dolorem itaque. Consequatur magnam consequatur magnam nisi alias. Est quod eligendi quaerat quia dicta sit impedit.', 'et', '61654440', 'o');
INSERT INTO `article` (`id`, `description`, `name`, `price`, `unit`) VALUES (21, 'Aut enim aperiam quaerat excepturi facere ut. Et modi voluptas nobis veniam facere commodi. Corrupti maiores quis quos voluptate rem quis.', 'repellat', '232', 'e');
INSERT INTO `article` (`id`, `description`, `name`, `price`, `unit`) VALUES (22, 'Voluptas deleniti ab nam sed. Id dolores saepe aspernatur culpa aut nam possimus. Tenetur alias laborum sunt dolores incidunt exercitationem quis. Neque eaque architecto sed aut sed totam. Temporibus cum rerum expedita omnis est.', 'modi', '28', 'x');
INSERT INTO `article` (`id`, `description`, `name`, `price`, `unit`) VALUES (23, 'Vel nulla blanditiis maiores quia veritatis ipsa omnis. Cumque maxime non dolorem ducimus ut et autem.', 'voluptas', '399', 'o');
INSERT INTO `article` (`id`, `description`, `name`, `price`, `unit`) VALUES (24, 'Ipsum neque autem consequatur sed. Porro animi dolorum saepe repudiandae quo voluptatem dolorem iste. Sed praesentium quia beatae qui rerum. Quo optio et qui.', 'et', '287723', 'u');
INSERT INTO `article` (`id`, `description`, `name`, `price`, `unit`) VALUES (25, 'Occaecati dolores culpa aut ducimus occaecati ex sed. Omnis ipsum totam ratione illum. Saepe vitae fugit debitis assumenda. Vero blanditiis laboriosam recusandae quis. Enim quas corrupti qui in asperiores dolor quas.', 'facere', '21976', 'j');
INSERT INTO `article` (`id`, `description`, `name`, `price`, `unit`) VALUES (26, 'Laborum at consequatur quaerat libero vero earum in vel. Non ducimus id optio vel et similique repellat. Neque autem sapiente sed numquam et doloribus est. Ullam ut officia voluptas at perspiciatis.', 'excepturi', '13', 'd');
INSERT INTO `article` (`id`, `description`, `name`, `price`, `unit`) VALUES (27, 'Assumenda earum voluptatibus explicabo reiciendis. In rerum eos hic voluptatum asperiores. Facilis earum cumque voluptates facere ab qui. Voluptates doloremque sed qui repellendus consectetur iste.', 'non', '1', 'o');
INSERT INTO `article` (`id`, `description`, `name`, `price`, `unit`) VALUES (28, 'Atque aspernatur ipsa neque non hic provident nemo. Facilis ut exercitationem expedita laborum repellendus. Voluptas sed voluptates voluptas id eveniet architecto. Repudiandae voluptatum animi ut quod eligendi.', 'minus', '8700722', 'v');
INSERT INTO `article` (`id`, `description`, `name`, `price`, `unit`) VALUES (29, 'Quod omnis harum ut. Culpa minima veritatis ut sapiente soluta. Vero voluptates eum nulla fugiat laboriosam blanditiis magnam. Qui blanditiis nostrum omnis debitis quia.', 'sunt', '18247133', 'm');
INSERT INTO `article` (`id`, `description`, `name`, `price`, `unit`) VALUES (30, 'Sequi laborum sint sint et non. Eum dolorem repellendus qui et quisquam velit. Odio voluptatem nam odio sit est accusamus non.', 'rerum', '409', 'e');
INSERT INTO `article` (`id`, `description`, `name`, `price`, `unit`) VALUES (31, 'Dolorum voluptas ducimus soluta et magni aperiam. Iusto alias architecto dolores laboriosam saepe consequuntur autem. Possimus earum corrupti dolorum est aperiam qui cumque quos. Id ut et praesentium alias eaque.', 'et', '4696', 'v');
INSERT INTO `article` (`id`, `description`, `name`, `price`, `unit`) VALUES (32, 'Est occaecati esse qui quod quaerat sit rerum. Occaecati excepturi et dolorem eveniet. Rerum error aliquid ipsum. Quisquam sunt sit consectetur eveniet.', 'aut', '31128', 'b');
INSERT INTO `article` (`id`, `description`, `name`, `price`, `unit`) VALUES (33, 'Repellat labore soluta tenetur consequatur nemo. Ipsa amet consequatur inventore autem optio est.', 'nisi', '336948', 'w');
INSERT INTO `article` (`id`, `description`, `name`, `price`, `unit`) VALUES (34, 'Beatae et officiis accusantium aut. Rem repudiandae sequi similique praesentium. In tempora earum cupiditate enim sit non eaque. Dignissimos doloribus omnis eveniet aperiam odit harum excepturi.', 'consequuntur', '21681735', 'd');
INSERT INTO `article` (`id`, `description`, `name`, `price`, `unit`) VALUES (35, 'Amet voluptatibus a inventore. Alias nam doloribus magni modi aliquid. Tempore nam nihil est quo.', 'numquam', '0', 'l');
INSERT INTO `article` (`id`, `description`, `name`, `price`, `unit`) VALUES (36, 'Deleniti deleniti culpa non. Ut iusto quaerat ab natus velit optio quibusdam. Ut sint quisquam est ad quis deleniti nihil.', 'deserunt', '277040', 'v');
INSERT INTO `article` (`id`, `description`, `name`, `price`, `unit`) VALUES (37, 'Sequi consequatur inventore sed molestiae deleniti laboriosam. Cupiditate laboriosam fugiat quos ut et non. Aut dolores omnis quam aut.', 'molestiae', '0', 'x');
INSERT INTO `article` (`id`, `description`, `name`, `price`, `unit`) VALUES (38, 'Aspernatur eum porro qui et. Minima ullam nisi et recusandae reprehenderit maxime voluptas expedita. Non et qui laudantium aut porro veritatis.', 'laboriosam', '5095732', 's');
INSERT INTO `article` (`id`, `description`, `name`, `price`, `unit`) VALUES (39, 'Nihil doloribus impedit tempore. Architecto dolor illum fuga inventore quia. Repellat et velit consequatur praesentium. Natus repellat recusandae dolores.', 'hic', '1', 'c');
INSERT INTO `article` (`id`, `description`, `name`, `price`, `unit`) VALUES (40, 'Assumenda perspiciatis et alias nam numquam. At impedit ut minus quod tenetur nesciunt rerum. Aut corporis aperiam saepe veritatis blanditiis molestias.', 'ea', '0', 'f');
INSERT INTO `article` (`id`, `description`, `name`, `price`, `unit`) VALUES (41, 'Deserunt et commodi quo temporibus. Voluptatem dicta nemo animi temporibus ipsa accusamus dolores. Esse corrupti qui facere libero aut et. Ipsa officiis dicta unde quo.', 'expedita', '4', 'f');
INSERT INTO `article` (`id`, `description`, `name`, `price`, `unit`) VALUES (42, 'Voluptates velit voluptates vel. Autem quia commodi recusandae ea rem. Occaecati laboriosam molestiae labore aliquam necessitatibus. Vel maxime porro in provident voluptatem nemo et.', 'et', '581', 'c');
INSERT INTO `article` (`id`, `description`, `name`, `price`, `unit`) VALUES (43, 'Impedit voluptas consequuntur veritatis accusantium exercitationem officiis nihil odio. Laborum numquam qui quos nisi eum ut quis. Adipisci enim in eum aut debitis. Repudiandae minus excepturi totam pariatur provident officiis officiis.', 'aut', '1', 'y');
INSERT INTO `article` (`id`, `description`, `name`, `price`, `unit`) VALUES (44, 'Quia eum quo atque corrupti nobis quod. Rerum nulla voluptate recusandae sint consequatur aut iure quia. Esse qui quibusdam aut quis. Voluptatem in quaerat aut aut. Suscipit aliquid modi qui culpa.', 'ea', '258', 'h');
INSERT INTO `article` (`id`, `description`, `name`, `price`, `unit`) VALUES (45, 'Repudiandae eaque aut error deleniti necessitatibus. Earum molestiae aperiam qui qui. Veritatis aspernatur explicabo sed maiores mollitia vitae. Quisquam magnam sequi rem saepe.', 'maiores', '20', 'x');
INSERT INTO `article` (`id`, `description`, `name`, `price`, `unit`) VALUES (46, 'Eligendi labore voluptates odit sapiente facere eos. Explicabo ut esse laboriosam perspiciatis voluptatem doloribus. Fugiat voluptatem sit distinctio repudiandae quam eveniet. Doloremque accusamus tempora ea non sapiente cumque.', 'et', '6', 's');
INSERT INTO `article` (`id`, `description`, `name`, `price`, `unit`) VALUES (47, 'Illum vero dolor et minus ullam. Quia aut adipisci eius consequatur et dolorum omnis commodi.', 'similique', '0', 'i');
INSERT INTO `article` (`id`, `description`, `name`, `price`, `unit`) VALUES (48, 'Voluptatem voluptatem molestiae impedit. Soluta exercitationem in quos quis. Dolores rerum eos saepe dolores. Magni qui expedita mollitia est ab error recusandae.', 'velit', '623', 'r');
INSERT INTO `article` (`id`, `description`, `name`, `price`, `unit`) VALUES (49, 'Aut alias ut tempore eum. Nam ipsa sit odit sed voluptas dolorem. Dolorum et repellat qui quis quia dolores accusamus.', 'beatae', '0', 'v');
INSERT INTO `article` (`id`, `description`, `name`, `price`, `unit`) VALUES (50, 'Porro hic voluptas laudantium sunt. Vitae et earum est quisquam libero. Voluptatibus quo nostrum recusandae dolores adipisci consequuntur. Est harum blanditiis non illum. Rerum fugiat cum sed.', 'alias', '4692525', 'e');
INSERT INTO `article` (`id`, `description`, `name`, `price`, `unit`) VALUES (51, 'Animi doloribus maiores qui et consequatur eaque. Enim accusantium cum ea magnam quisquam et. Distinctio necessitatibus doloremque consectetur veniam. Provident dicta voluptatum aut non quos unde velit. Corporis eos consequuntur praesentium placeat quisqu', 'porro', '27030', 'o');
INSERT INTO `article` (`id`, `description`, `name`, `price`, `unit`) VALUES (52, 'Mollitia occaecati est fugit ullam quaerat explicabo. Sequi qui et itaque reprehenderit beatae. Et eum voluptas temporibus eaque tempore doloremque sit laboriosam. Tenetur sit et saepe quos non. Non incidunt dolorem voluptatem sed consequatur dolor porro.', 'et', '255445', 'i');
INSERT INTO `article` (`id`, `description`, `name`, `price`, `unit`) VALUES (53, 'Delectus ea consequatur aperiam sed debitis. Et tenetur mollitia non. Maxime quas corrupti ut et voluptate alias ea.', 'eos', '16126298', 'x');
INSERT INTO `article` (`id`, `description`, `name`, `price`, `unit`) VALUES (54, 'Harum eos sapiente eaque ea cupiditate. Ipsa repudiandae et eum magnam. Hic magnam ut vero dolor quae.', 'iste', '1262', 'g');
INSERT INTO `article` (`id`, `description`, `name`, `price`, `unit`) VALUES (55, 'Sint qui doloribus quas ullam ad alias dolor. Quam consequatur ut ab cumque minus.', 'eaque', '1016399', 'f');
INSERT INTO `article` (`id`, `description`, `name`, `price`, `unit`) VALUES (56, 'Enim quibusdam unde error autem labore eveniet ea. Laboriosam rem dignissimos aut. Praesentium dolores voluptatum nulla inventore eum quia. Et ipsa vel qui voluptas.', 'sit', '146044', 'o');
INSERT INTO `article` (`id`, `description`, `name`, `price`, `unit`) VALUES (57, 'Voluptates maxime voluptatum explicabo quia dolores dolor quia. Tempora veniam occaecati ducimus quod quia ipsum corrupti. Est similique mollitia molestias voluptatibus ipsam et sunt labore. Et in vel natus vero ut nam.', 'rerum', '9025', 'w');
INSERT INTO `article` (`id`, `description`, `name`, `price`, `unit`) VALUES (58, 'Hic sint consequuntur illum suscipit tenetur dicta. Maxime sapiente minus est laudantium.', 'nemo', '2966871', 't');
INSERT INTO `article` (`id`, `description`, `name`, `price`, `unit`) VALUES (59, 'Reiciendis nam rerum ut reiciendis. Et consequatur est laboriosam itaque odit aut. Enim est consequuntur ullam consequatur est porro.', 'repellendus', '1', 'i');
INSERT INTO `article` (`id`, `description`, `name`, `price`, `unit`) VALUES (60, 'Quasi rerum quae dolorem sapiente in corrupti. Consectetur harum amet sint dolorum esse. Dolores eos mollitia eligendi ut eum ea.', 'nemo', '0', 'g');
INSERT INTO `article` (`id`, `description`, `name`, `price`, `unit`) VALUES (61, 'Quod est quia blanditiis qui molestiae. Eos quae non quaerat eligendi. Eum modi nisi et et pariatur amet sed aliquid.', 'sunt', '551', 'b');
INSERT INTO `article` (`id`, `description`, `name`, `price`, `unit`) VALUES (62, 'Voluptas et libero nam voluptatem hic. Cupiditate quia et soluta qui occaecati. Quos repellat rerum repellendus rerum illum voluptas quis quo.', 'nesciunt', '53955241', 'a');
INSERT INTO `article` (`id`, `description`, `name`, `price`, `unit`) VALUES (63, 'Excepturi error et quae fugiat voluptas nesciunt. Nemo inventore sequi non sed est hic dolor. Nobis cum debitis eveniet necessitatibus earum.', 'eius', '0', 'd');
INSERT INTO `article` (`id`, `description`, `name`, `price`, `unit`) VALUES (64, 'Inventore aut culpa sapiente. Ut consequatur tenetur dolor aut possimus molestiae. Perspiciatis tempora autem corporis ut mollitia quod amet.', 'quia', '64643', 'x');
INSERT INTO `article` (`id`, `description`, `name`, `price`, `unit`) VALUES (65, 'Ea recusandae natus ullam deserunt. Earum velit et nostrum. Cum suscipit magni pariatur magni in consequuntur ut eligendi. Laborum qui esse temporibus est rerum maxime impedit.', 'dolore', '862', 'z');
INSERT INTO `article` (`id`, `description`, `name`, `price`, `unit`) VALUES (66, 'Earum explicabo reiciendis voluptas vel reiciendis. Dolores voluptatem est saepe quibusdam. Fugit autem soluta itaque consectetur.', 'vel', '13724', 'z');
INSERT INTO `article` (`id`, `description`, `name`, `price`, `unit`) VALUES (67, 'Molestias architecto repellendus maxime sint velit. Aut quis eligendi veniam quia. Eum consectetur illo nihil qui et et. Laudantium sed voluptatem officia dolorem et facere repellendus.', 'enim', '18450', 'g');
INSERT INTO `article` (`id`, `description`, `name`, `price`, `unit`) VALUES (68, 'Inventore est non qui. Ut et necessitatibus enim rerum quia et quibusdam. Veniam et a consequatur cumque eligendi dolorem.', 'eveniet', '211894179', 'w');
INSERT INTO `article` (`id`, `description`, `name`, `price`, `unit`) VALUES (69, 'Dolorem tempora neque veritatis architecto temporibus qui explicabo. Qui minima sequi aut odit quasi suscipit voluptatem aut. Perferendis cum quia aperiam omnis esse. Vitae modi qui ex earum et et consequatur.', 'repellendus', '20', 'm');
INSERT INTO `article` (`id`, `description`, `name`, `price`, `unit`) VALUES (70, 'Culpa voluptatem fuga quibusdam ea id a esse. Maxime aut tempora dicta ea sunt quia distinctio. Deleniti unde non repudiandae aut natus asperiores.', 'dolor', '78901', 'n');
INSERT INTO `article` (`id`, `description`, `name`, `price`, `unit`) VALUES (71, 'Harum quaerat aut eius eos ut. Eveniet ab natus aut repellat provident minus incidunt. Dicta iusto rem velit blanditiis. Recusandae quisquam et corrupti suscipit earum dolorem.', 'quam', '48', 's');
INSERT INTO `article` (`id`, `description`, `name`, `price`, `unit`) VALUES (72, 'Corporis quo modi repellat cumque voluptas quaerat accusantium voluptas. Repellendus debitis maiores explicabo dolores nihil vitae. Voluptas qui doloremque mollitia et doloremque optio dolorem. Nobis ut quo sequi sunt.', 'consequatur', '0', 'o');
INSERT INTO `article` (`id`, `description`, `name`, `price`, `unit`) VALUES (73, 'Aliquam rerum et voluptate. Omnis voluptas temporibus neque laboriosam sapiente. Minus illum sit minus aliquid consequatur dolores. In tempora quo suscipit voluptatem placeat officiis est.', 'quasi', '651646955', 'w');
INSERT INTO `article` (`id`, `description`, `name`, `price`, `unit`) VALUES (74, 'Sunt sit itaque et in. Eveniet doloremque sequi consectetur assumenda tempora velit. Aut rerum explicabo velit. Consequuntur cupiditate saepe expedita laborum dicta praesentium.', 'et', '416202690', 'k');
INSERT INTO `article` (`id`, `description`, `name`, `price`, `unit`) VALUES (75, 'Veritatis voluptatibus ullam non laudantium. Dolorum quaerat eos non deleniti ipsam ea rerum. Cumque vel facere aperiam fugit. Dignissimos qui a esse minus.', 'quia', '14017497', 'a');
INSERT INTO `article` (`id`, `description`, `name`, `price`, `unit`) VALUES (76, 'Dolor minus ea ut praesentium corrupti placeat facilis. Quis quod ut aperiam animi. Doloribus dolorem dolorum exercitationem cumque non omnis ipsam.', 'aspernatur', '29581083', 'b');
INSERT INTO `article` (`id`, `description`, `name`, `price`, `unit`) VALUES (77, 'Est sed et aut vitae architecto labore aut corrupti. Velit nulla porro et voluptate in nulla. Excepturi magnam rerum id. Earum consequatur suscipit id.', 'ut', '16170421', 'i');
INSERT INTO `article` (`id`, `description`, `name`, `price`, `unit`) VALUES (78, 'Dolore nihil aut eaque. Voluptas reprehenderit nihil aperiam non est et rerum. Ea suscipit odit doloremque aperiam. Iusto quaerat dolores praesentium et et est ut.', 'vel', '0', 'e');
INSERT INTO `article` (`id`, `description`, `name`, `price`, `unit`) VALUES (79, 'Eos omnis debitis unde atque accusantium quasi. Perspiciatis tenetur aliquam libero natus explicabo. Autem vel cupiditate officia suscipit aperiam illo aliquid. Rerum tempore voluptatem blanditiis sint adipisci.', 'repudiandae', '2', 'v');
INSERT INTO `article` (`id`, `description`, `name`, `price`, `unit`) VALUES (80, 'Nesciunt inventore itaque numquam maiores. Doloribus id expedita sed sunt.', 'pariatur', '17026', 'r');
INSERT INTO `article` (`id`, `description`, `name`, `price`, `unit`) VALUES (81, 'Id soluta quo est. Officiis inventore possimus et praesentium. Nesciunt modi itaque iste aut modi. Omnis est eum ab sint quidem aut.', 'sunt', '15', 'j');
INSERT INTO `article` (`id`, `description`, `name`, `price`, `unit`) VALUES (82, 'Accusantium aperiam natus eos laboriosam. Tenetur soluta veritatis dolores quae assumenda rem officia qui.', 'dolorem', '18154842', 'c');
INSERT INTO `article` (`id`, `description`, `name`, `price`, `unit`) VALUES (83, 'Qui vero hic sapiente voluptas. Aperiam ullam commodi doloremque hic voluptatem neque voluptas. Sit recusandae temporibus qui est porro blanditiis. Molestias quasi itaque alias aut aut ut.', 'rem', '933171', 'v');
INSERT INTO `article` (`id`, `description`, `name`, `price`, `unit`) VALUES (84, 'Quia saepe ut aliquid tempore et consequatur veritatis. Asperiores possimus similique consequuntur incidunt veritatis sint adipisci non. Deserunt eum voluptatem rerum voluptatem. Aliquam assumenda odio unde id ut adipisci tenetur.', 'omnis', '4073', 'u');
INSERT INTO `article` (`id`, `description`, `name`, `price`, `unit`) VALUES (85, 'Tempora maiores qui velit consequuntur non cum veniam. Error possimus corrupti dolorem.', 'quae', '0', 'j');
INSERT INTO `article` (`id`, `description`, `name`, `price`, `unit`) VALUES (86, 'Ut dicta magni est blanditiis odio. Veritatis quia delectus cupiditate consequuntur. Qui aperiam ut voluptas enim omnis. Occaecati perspiciatis voluptatibus exercitationem explicabo.', 'minima', '206825', 'm');
INSERT INTO `article` (`id`, `description`, `name`, `price`, `unit`) VALUES (87, 'Facilis sint eligendi sunt similique nihil voluptas laboriosam. Voluptas perferendis consequatur quaerat excepturi autem ut labore. Adipisci non beatae blanditiis asperiores sunt.', 'eaque', '3557054', 'j');
INSERT INTO `article` (`id`, `description`, `name`, `price`, `unit`) VALUES (88, 'Et consequatur in deleniti quod molestias sit sit. Ea natus omnis optio eius. Fugit ut voluptatem molestiae ipsam.', 'deleniti', '2', 'z');
INSERT INTO `article` (`id`, `description`, `name`, `price`, `unit`) VALUES (89, 'Velit id excepturi quia est libero nostrum. Iste et libero sit facere molestiae quo. Veritatis consequatur doloremque similique aut.', 'recusandae', '401302137', 'o');
INSERT INTO `article` (`id`, `description`, `name`, `price`, `unit`) VALUES (90, 'Qui sit nobis impedit omnis. Quaerat et consequatur sed eum. Deserunt quo sequi id autem.', 'dolores', '7601532', 'y');
INSERT INTO `article` (`id`, `description`, `name`, `price`, `unit`) VALUES (91, 'Voluptates incidunt dignissimos sint officiis sunt sit qui molestiae. Tempora voluptatem reprehenderit eveniet enim. Unde porro saepe sit rem et eius architecto quam.', 'temporibus', '55709453', 'x');
INSERT INTO `article` (`id`, `description`, `name`, `price`, `unit`) VALUES (92, 'Est iure sed velit inventore illo esse. Minima et et dolorem facere. Voluptatem corporis ratione omnis aut.', 'aperiam', '70920', 'o');
INSERT INTO `article` (`id`, `description`, `name`, `price`, `unit`) VALUES (93, 'Libero modi aut autem facilis incidunt et. Quia et sit aut neque optio. Dolor ut temporibus provident. Ut molestiae aut numquam explicabo.', 'sit', '0', 'y');
INSERT INTO `article` (`id`, `description`, `name`, `price`, `unit`) VALUES (94, 'Facilis eaque in similique alias. Sed nesciunt recusandae debitis recusandae aperiam aut sunt. Voluptas ducimus sunt accusantium culpa omnis aliquam ex. Dolor vero ratione qui natus vitae.', 'et', '0', 'b');
INSERT INTO `article` (`id`, `description`, `name`, `price`, `unit`) VALUES (95, 'Aut aut non alias est. Cum illum ea et nihil. Officia aliquid quia magni possimus.', 'sit', '516671', 'b');
INSERT INTO `article` (`id`, `description`, `name`, `price`, `unit`) VALUES (96, 'Optio odio atque dolore aperiam ad dicta ea. Nobis corrupti aliquid consequatur hic vel temporibus fugit suscipit. Voluptas enim consectetur quos ratione nihil ipsam voluptate. Nesciunt aut voluptate temporibus reprehenderit repellat omnis atque.', 'error', '2902762', 'k');
INSERT INTO `article` (`id`, `description`, `name`, `price`, `unit`) VALUES (97, 'Ut ut illum quo voluptas omnis tempore. Ab voluptas consequatur eaque sed iure quaerat quisquam. Id et consequatur quo eos id perspiciatis.', 'ut', '5', 'd');
INSERT INTO `article` (`id`, `description`, `name`, `price`, `unit`) VALUES (98, 'Vel laudantium itaque perspiciatis. Eaque nihil eaque enim vel possimus. Molestiae nobis dolores magnam nihil vel. Ea eaque enim atque et quis omnis.', 'est', '0', 'm');
INSERT INTO `article` (`id`, `description`, `name`, `price`, `unit`) VALUES (99, 'Odit laboriosam adipisci voluptatem. Est et perferendis ea.', 'ipsum', '25738', 'g');
INSERT INTO `article` (`id`, `description`, `name`, `price`, `unit`) VALUES (100, 'Nostrum facere natus qui itaque voluptatum et esse. Vero exercitationem qui debitis aut ea dignissimos corrupti.', 'reiciendis', '2278155', 'w');


INSERT INTO `comment` (`id`, `comment_text`, `recipe_id`, `user_id`) VALUES (1, 'Omnis illo tempore quas nam sunt.', 1, 1);
INSERT INTO `comment` (`id`, `comment_text`, `recipe_id`, `user_id`) VALUES (2, 'Velit et ullam nihil aspernatur sint ut quisquam nemo.', 2, 2);
INSERT INTO `comment` (`id`, `comment_text`, `recipe_id`, `user_id`) VALUES (3, 'Sit non perspiciatis veritatis aliquam.', 3, 3);
INSERT INTO `comment` (`id`, `comment_text`, `recipe_id`, `user_id`) VALUES (4, 'Vitae neque ut quaerat repudiandae enim quibusdam.', 4, 4);
INSERT INTO `comment` (`id`, `comment_text`, `recipe_id`, `user_id`) VALUES (5, 'Sed aspernatur neque distinctio aut recusandae.', 5, 5);
INSERT INTO `comment` (`id`, `comment_text`, `recipe_id`, `user_id`) VALUES (6, 'Ut deleniti necessitatibus voluptatem aut.', 1, 6);
INSERT INTO `comment` (`id`, `comment_text`, `recipe_id`, `user_id`) VALUES (7, 'Tempore asperiores qui aperiam dolor commodi ipsum eos.', 2, 7);
INSERT INTO `comment` (`id`, `comment_text`, `recipe_id`, `user_id`) VALUES (8, 'Quis aut officia soluta minima reiciendis.', 3, 8);
INSERT INTO `comment` (`id`, `comment_text`, `recipe_id`, `user_id`) VALUES (9, 'Quia eveniet a autem officia esse sequi vel.', 4, 9);
INSERT INTO `comment` (`id`, `comment_text`, `recipe_id`, `user_id`) VALUES (10, 'Enim similique pariatur eveniet quis esse beatae voluptatum.', 5, 10);
INSERT INTO `comment` (`id`, `comment_text`, `recipe_id`, `user_id`) VALUES (11, 'Sed architecto voluptates culpa.', 1, 11);
INSERT INTO `comment` (`id`, `comment_text`, `recipe_id`, `user_id`) VALUES (12, 'Vero quidem aut eligendi sunt.', 2, 12);
INSERT INTO `comment` (`id`, `comment_text`, `recipe_id`, `user_id`) VALUES (13, 'Accusamus non perspiciatis et.', 3, 13);
INSERT INTO `comment` (`id`, `comment_text`, `recipe_id`, `user_id`) VALUES (14, 'Repellendus animi maxime natus ipsa exercitationem.', 4, 14);
INSERT INTO `comment` (`id`, `comment_text`, `recipe_id`, `user_id`) VALUES (15, 'Qui sed deleniti voluptas qui aut non perferendis.', 5, 15);
INSERT INTO `comment` (`id`, `comment_text`, `recipe_id`, `user_id`) VALUES (16, 'Commodi itaque ut repudiandae minus ullam corrupti.', 1, 16);
INSERT INTO `comment` (`id`, `comment_text`, `recipe_id`, `user_id`) VALUES (17, 'Non fugit saepe nobis culpa porro.', 2, 17);
INSERT INTO `comment` (`id`, `comment_text`, `recipe_id`, `user_id`) VALUES (18, 'Odit odio magnam repellat molestias aperiam.', 3, 18);
INSERT INTO `comment` (`id`, `comment_text`, `recipe_id`, `user_id`) VALUES (19, 'Officia accusamus perspiciatis et rerum adipisci vel.', 4, 19);
INSERT INTO `comment` (`id`, `comment_text`, `recipe_id`, `user_id`) VALUES (20, 'Ut deleniti cum laborum vel aliquid.', 5, 20);
INSERT INTO `comment` (`id`, `comment_text`, `recipe_id`, `user_id`) VALUES (21, 'Porro autem quo beatae et.', 1, 1);
INSERT INTO `comment` (`id`, `comment_text`, `recipe_id`, `user_id`) VALUES (22, 'Rem dignissimos est illo qui voluptatem blanditiis.', 2, 2);
INSERT INTO `comment` (`id`, `comment_text`, `recipe_id`, `user_id`) VALUES (23, 'Omnis ut est quia necessitatibus vel ut.', 3, 3);
INSERT INTO `comment` (`id`, `comment_text`, `recipe_id`, `user_id`) VALUES (24, 'Nemo quis exercitationem sunt velit inventore cum qui.', 4, 4);
INSERT INTO `comment` (`id`, `comment_text`, `recipe_id`, `user_id`) VALUES (25, 'Quisquam enim ratione optio repudiandae aut placeat.', 5, 5);
INSERT INTO `comment` (`id`, `comment_text`, `recipe_id`, `user_id`) VALUES (26, 'Reiciendis consequatur ut at non sit excepturi dolorum.', 1, 6);
INSERT INTO `comment` (`id`, `comment_text`, `recipe_id`, `user_id`) VALUES (27, 'Vel ratione laborum expedita.', 2, 7);
INSERT INTO `comment` (`id`, `comment_text`, `recipe_id`, `user_id`) VALUES (28, 'Laborum nihil autem illum voluptate distinctio excepturi eum.', 3, 8);
INSERT INTO `comment` (`id`, `comment_text`, `recipe_id`, `user_id`) VALUES (29, 'Et qui autem ipsum ut aut.', 4, 9);
INSERT INTO `comment` (`id`, `comment_text`, `recipe_id`, `user_id`) VALUES (30, 'Quia nulla dolor nisi repudiandae officia velit.', 5, 10);
INSERT INTO `comment` (`id`, `comment_text`, `recipe_id`, `user_id`) VALUES (31, 'Voluptas illo ea qui quo quas.', 1, 11);
INSERT INTO `comment` (`id`, `comment_text`, `recipe_id`, `user_id`) VALUES (32, 'Incidunt voluptates ducimus asperiores ut laudantium asperiores.', 2, 12);
INSERT INTO `comment` (`id`, `comment_text`, `recipe_id`, `user_id`) VALUES (33, 'Qui quam quasi error aut labore consequatur ullam.', 3, 13);
INSERT INTO `comment` (`id`, `comment_text`, `recipe_id`, `user_id`) VALUES (34, 'Consequatur qui qui dolor id cum quasi et.', 4, 14);
INSERT INTO `comment` (`id`, `comment_text`, `recipe_id`, `user_id`) VALUES (35, 'Qui ipsa eos ducimus vero nesciunt odio enim.', 5, 15);
INSERT INTO `comment` (`id`, `comment_text`, `recipe_id`, `user_id`) VALUES (36, 'Perferendis libero consequatur dignissimos voluptas adipisci et sunt autem.', 1, 16);
INSERT INTO `comment` (`id`, `comment_text`, `recipe_id`, `user_id`) VALUES (37, 'Et saepe ipsam pariatur nihil.', 2, 17);
INSERT INTO `comment` (`id`, `comment_text`, `recipe_id`, `user_id`) VALUES (38, 'Et sequi et delectus perspiciatis doloribus.', 3, 18);
INSERT INTO `comment` (`id`, `comment_text`, `recipe_id`, `user_id`) VALUES (39, 'Numquam qui magnam omnis commodi nesciunt cupiditate.', 4, 19);
INSERT INTO `comment` (`id`, `comment_text`, `recipe_id`, `user_id`) VALUES (40, 'Minima minus esse tenetur doloremque rem.', 5, 20);
INSERT INTO `comment` (`id`, `comment_text`, `recipe_id`, `user_id`) VALUES (41, 'Qui accusantium commodi debitis dolorem rerum ex.', 1, 1);
INSERT INTO `comment` (`id`, `comment_text`, `recipe_id`, `user_id`) VALUES (42, 'Ut sequi quasi alias sed quisquam omnis rerum.', 2, 2);
INSERT INTO `comment` (`id`, `comment_text`, `recipe_id`, `user_id`) VALUES (43, 'Dolore veritatis voluptas omnis vero nobis dolore ex.', 3, 3);
INSERT INTO `comment` (`id`, `comment_text`, `recipe_id`, `user_id`) VALUES (44, 'Cum quasi qui qui ex.', 4, 4);
INSERT INTO `comment` (`id`, `comment_text`, `recipe_id`, `user_id`) VALUES (45, 'Possimus qui accusantium nesciunt blanditiis aliquid.', 5, 5);
INSERT INTO `comment` (`id`, `comment_text`, `recipe_id`, `user_id`) VALUES (46, 'Ipsum exercitationem soluta non dolores.', 1, 6);
INSERT INTO `comment` (`id`, `comment_text`, `recipe_id`, `user_id`) VALUES (47, 'Sit numquam temporibus dignissimos dolor voluptas.', 2, 7);
INSERT INTO `comment` (`id`, `comment_text`, `recipe_id`, `user_id`) VALUES (48, 'Libero odit eligendi reiciendis molestias.', 3, 8);
INSERT INTO `comment` (`id`, `comment_text`, `recipe_id`, `user_id`) VALUES (49, 'Harum voluptatum eligendi amet.', 4, 9);
INSERT INTO `comment` (`id`, `comment_text`, `recipe_id`, `user_id`) VALUES (50, 'Deserunt labore maxime explicabo voluptas.', 5, 10);
INSERT INTO `comment` (`id`, `comment_text`, `recipe_id`, `user_id`) VALUES (51, 'Sapiente quis sit eaque officia quo laborum.', 1, 11);
INSERT INTO `comment` (`id`, `comment_text`, `recipe_id`, `user_id`) VALUES (52, 'Iusto ab et assumenda omnis quidem.', 2, 12);
INSERT INTO `comment` (`id`, `comment_text`, `recipe_id`, `user_id`) VALUES (53, 'Cum qui esse aliquid voluptas aut.', 3, 13);
INSERT INTO `comment` (`id`, `comment_text`, `recipe_id`, `user_id`) VALUES (54, 'Minima quod ad magnam voluptas veniam sit.', 4, 14);
INSERT INTO `comment` (`id`, `comment_text`, `recipe_id`, `user_id`) VALUES (55, 'Nemo est quis ipsum reiciendis.', 5, 15);
INSERT INTO `comment` (`id`, `comment_text`, `recipe_id`, `user_id`) VALUES (56, 'Dolores et molestiae quo quos officiis et.', 1, 16);
INSERT INTO `comment` (`id`, `comment_text`, `recipe_id`, `user_id`) VALUES (57, 'Recusandae ad qui consequuntur dolorem omnis est qui facilis.', 2, 17);
INSERT INTO `comment` (`id`, `comment_text`, `recipe_id`, `user_id`) VALUES (58, 'Qui rem facilis cum ut vero laborum.', 3, 18);
INSERT INTO `comment` (`id`, `comment_text`, `recipe_id`, `user_id`) VALUES (59, 'Soluta voluptas natus provident iure.', 4, 19);
INSERT INTO `comment` (`id`, `comment_text`, `recipe_id`, `user_id`) VALUES (60, 'Ratione doloribus beatae reiciendis enim sit ut.', 5, 20);
INSERT INTO `comment` (`id`, `comment_text`, `recipe_id`, `user_id`) VALUES (61, 'Labore quod fugit voluptatem alias et numquam.', 1, 1);
INSERT INTO `comment` (`id`, `comment_text`, `recipe_id`, `user_id`) VALUES (62, 'Id eligendi sed et atque nesciunt rerum delectus.', 2, 2);
INSERT INTO `comment` (`id`, `comment_text`, `recipe_id`, `user_id`) VALUES (63, 'Harum recusandae officiis tenetur qui.', 3, 3);
INSERT INTO `comment` (`id`, `comment_text`, `recipe_id`, `user_id`) VALUES (64, 'Dolore ducimus dolorem culpa dolores velit enim hic.', 4, 4);
INSERT INTO `comment` (`id`, `comment_text`, `recipe_id`, `user_id`) VALUES (65, 'Ut sed accusantium ea.', 5, 5);
INSERT INTO `comment` (`id`, `comment_text`, `recipe_id`, `user_id`) VALUES (66, 'Commodi nesciunt beatae facilis veniam voluptas exercitationem.', 1, 6);
INSERT INTO `comment` (`id`, `comment_text`, `recipe_id`, `user_id`) VALUES (67, 'Enim ut omnis ut laudantium atque aut inventore aut.', 2, 7);
INSERT INTO `comment` (`id`, `comment_text`, `recipe_id`, `user_id`) VALUES (68, 'Sit nobis voluptas officiis.', 3, 8);
INSERT INTO `comment` (`id`, `comment_text`, `recipe_id`, `user_id`) VALUES (69, 'Hic blanditiis sint et enim provident dolorem ut.', 4, 9);
INSERT INTO `comment` (`id`, `comment_text`, `recipe_id`, `user_id`) VALUES (70, 'Commodi quisquam sit ut cumque.', 5, 10);
INSERT INTO `comment` (`id`, `comment_text`, `recipe_id`, `user_id`) VALUES (71, 'Labore totam repudiandae hic delectus incidunt ipsum.', 1, 11);
INSERT INTO `comment` (`id`, `comment_text`, `recipe_id`, `user_id`) VALUES (72, 'Quia et aut quibusdam quia vel voluptates ut.', 2, 12);
INSERT INTO `comment` (`id`, `comment_text`, `recipe_id`, `user_id`) VALUES (73, 'Pariatur numquam tempore fuga adipisci blanditiis autem.', 3, 13);
INSERT INTO `comment` (`id`, `comment_text`, `recipe_id`, `user_id`) VALUES (74, 'Sed aut deleniti delectus illo.', 4, 14);
INSERT INTO `comment` (`id`, `comment_text`, `recipe_id`, `user_id`) VALUES (75, 'Est dolorem dicta aperiam delectus.', 5, 15);
INSERT INTO `comment` (`id`, `comment_text`, `recipe_id`, `user_id`) VALUES (76, 'Voluptatem iusto pariatur praesentium ea.', 1, 16);
INSERT INTO `comment` (`id`, `comment_text`, `recipe_id`, `user_id`) VALUES (77, 'Nobis sed corporis iure voluptas.', 2, 17);
INSERT INTO `comment` (`id`, `comment_text`, `recipe_id`, `user_id`) VALUES (78, 'Quisquam recusandae magni praesentium ipsa ducimus.', 3, 18);
INSERT INTO `comment` (`id`, `comment_text`, `recipe_id`, `user_id`) VALUES (79, 'Nulla ut fuga commodi nobis velit eos vel similique.', 4, 19);
INSERT INTO `comment` (`id`, `comment_text`, `recipe_id`, `user_id`) VALUES (80, 'Qui maiores inventore itaque et unde.', 5, 20);
INSERT INTO `comment` (`id`, `comment_text`, `recipe_id`, `user_id`) VALUES (81, 'Voluptatibus est est iusto vel aliquid impedit.', 1, 1);
INSERT INTO `comment` (`id`, `comment_text`, `recipe_id`, `user_id`) VALUES (82, 'Debitis id quos quos voluptatem quaerat et molestiae.', 2, 2);
INSERT INTO `comment` (`id`, `comment_text`, `recipe_id`, `user_id`) VALUES (83, 'Fuga quo quo eum laboriosam quis.', 3, 3);
INSERT INTO `comment` (`id`, `comment_text`, `recipe_id`, `user_id`) VALUES (84, 'Non non quisquam temporibus.', 4, 4);
INSERT INTO `comment` (`id`, `comment_text`, `recipe_id`, `user_id`) VALUES (85, 'Et eius rerum eum earum eos voluptatem nulla vel.', 5, 5);
INSERT INTO `comment` (`id`, `comment_text`, `recipe_id`, `user_id`) VALUES (86, 'Dolorem animi vel beatae earum laborum voluptatem molestias.', 1, 6);
INSERT INTO `comment` (`id`, `comment_text`, `recipe_id`, `user_id`) VALUES (87, 'Nihil enim sed dicta repellat ratione.', 2, 7);
INSERT INTO `comment` (`id`, `comment_text`, `recipe_id`, `user_id`) VALUES (88, 'Maxime quo accusantium odit temporibus voluptates expedita mollitia.', 3, 8);
INSERT INTO `comment` (`id`, `comment_text`, `recipe_id`, `user_id`) VALUES (89, 'Architecto quia sit numquam neque laboriosam.', 4, 9);
INSERT INTO `comment` (`id`, `comment_text`, `recipe_id`, `user_id`) VALUES (90, 'Velit et assumenda dolorum.', 5, 10);
INSERT INTO `comment` (`id`, `comment_text`, `recipe_id`, `user_id`) VALUES (91, 'Aut ut ab officia quam.', 1, 11);
INSERT INTO `comment` (`id`, `comment_text`, `recipe_id`, `user_id`) VALUES (92, 'Ratione optio dignissimos voluptatibus inventore reiciendis nesciunt.', 2, 12);
INSERT INTO `comment` (`id`, `comment_text`, `recipe_id`, `user_id`) VALUES (93, 'Voluptas quo unde dolorem rerum cupiditate accusantium illo rerum.', 3, 13);
INSERT INTO `comment` (`id`, `comment_text`, `recipe_id`, `user_id`) VALUES (94, 'Expedita iure quaerat voluptas dolorum quia necessitatibus.', 4, 14);
INSERT INTO `comment` (`id`, `comment_text`, `recipe_id`, `user_id`) VALUES (95, 'Quia voluptates assumenda et.', 5, 15);
INSERT INTO `comment` (`id`, `comment_text`, `recipe_id`, `user_id`) VALUES (96, 'Hic qui nobis expedita.', 1, 16);
INSERT INTO `comment` (`id`, `comment_text`, `recipe_id`, `user_id`) VALUES (97, 'Quam nostrum sint aspernatur enim laborum voluptatem.', 2, 17);
INSERT INTO `comment` (`id`, `comment_text`, `recipe_id`, `user_id`) VALUES (98, 'Ea autem adipisci natus amet asperiores debitis.', 3, 18);
INSERT INTO `comment` (`id`, `comment_text`, `recipe_id`, `user_id`) VALUES (99, 'Placeat et officiis iusto et.', 4, 19);
INSERT INTO `comment` (`id`, `comment_text`, `recipe_id`, `user_id`) VALUES (100, 'Voluptatem et impedit odio nobis qui.', 5, 20);


INSERT INTO `favorite` (`id`, `recipe_id`, `user_id`) VALUES (1, 1, 1);
INSERT INTO `favorite` (`id`, `recipe_id`, `user_id`) VALUES (2, 2, 2);
INSERT INTO `favorite` (`id`, `recipe_id`, `user_id`) VALUES (3, 3, 3);
INSERT INTO `favorite` (`id`, `recipe_id`, `user_id`) VALUES (4, 4, 4);
INSERT INTO `favorite` (`id`, `recipe_id`, `user_id`) VALUES (5, 5, 5);
INSERT INTO `favorite` (`id`, `recipe_id`, `user_id`) VALUES (6, 1, 6);
INSERT INTO `favorite` (`id`, `recipe_id`, `user_id`) VALUES (7, 2, 7);
INSERT INTO `favorite` (`id`, `recipe_id`, `user_id`) VALUES (8, 3, 8);
INSERT INTO `favorite` (`id`, `recipe_id`, `user_id`) VALUES (9, 4, 9);
INSERT INTO `favorite` (`id`, `recipe_id`, `user_id`) VALUES (10, 5, 10);
INSERT INTO `favorite` (`id`, `recipe_id`, `user_id`) VALUES (11, 1, 11);
INSERT INTO `favorite` (`id`, `recipe_id`, `user_id`) VALUES (12, 2, 12);
INSERT INTO `favorite` (`id`, `recipe_id`, `user_id`) VALUES (13, 3, 13);
INSERT INTO `favorite` (`id`, `recipe_id`, `user_id`) VALUES (14, 4, 14);
INSERT INTO `favorite` (`id`, `recipe_id`, `user_id`) VALUES (15, 5, 15);
INSERT INTO `favorite` (`id`, `recipe_id`, `user_id`) VALUES (16, 1, 16);
INSERT INTO `favorite` (`id`, `recipe_id`, `user_id`) VALUES (17, 2, 17);
INSERT INTO `favorite` (`id`, `recipe_id`, `user_id`) VALUES (18, 3, 18);
INSERT INTO `favorite` (`id`, `recipe_id`, `user_id`) VALUES (19, 4, 19);
INSERT INTO `favorite` (`id`, `recipe_id`, `user_id`) VALUES (20, 5, 20);


INSERT INTO `ingredient` (`id`, `amount`, `article_id`, `recipe_id`) VALUES (1, '41', 1, 1);
INSERT INTO `ingredient` (`id`, `amount`, `article_id`, `recipe_id`) VALUES (2, '17191559', 2, 2);
INSERT INTO `ingredient` (`id`, `amount`, `article_id`, `recipe_id`) VALUES (3, '167', 3, 3);
INSERT INTO `ingredient` (`id`, `amount`, `article_id`, `recipe_id`) VALUES (4, '60', 4, 4);
INSERT INTO `ingredient` (`id`, `amount`, `article_id`, `recipe_id`) VALUES (5, '7091', 5, 5);
INSERT INTO `ingredient` (`id`, `amount`, `article_id`, `recipe_id`) VALUES (6, '0', 6, 1);
INSERT INTO `ingredient` (`id`, `amount`, `article_id`, `recipe_id`) VALUES (7, '0', 7, 2);
INSERT INTO `ingredient` (`id`, `amount`, `article_id`, `recipe_id`) VALUES (8, '3', 8, 3);
INSERT INTO `ingredient` (`id`, `amount`, `article_id`, `recipe_id`) VALUES (9, '10357762', 9, 4);
INSERT INTO `ingredient` (`id`, `amount`, `article_id`, `recipe_id`) VALUES (10, '3', 10, 5);
INSERT INTO `ingredient` (`id`, `amount`, `article_id`, `recipe_id`) VALUES (11, '60663531', 11, 1);
INSERT INTO `ingredient` (`id`, `amount`, `article_id`, `recipe_id`) VALUES (12, '200', 12, 2);
INSERT INTO `ingredient` (`id`, `amount`, `article_id`, `recipe_id`) VALUES (13, '0', 13, 3);
INSERT INTO `ingredient` (`id`, `amount`, `article_id`, `recipe_id`) VALUES (14, '0', 14, 4);
INSERT INTO `ingredient` (`id`, `amount`, `article_id`, `recipe_id`) VALUES (15, '4', 15, 5);
INSERT INTO `ingredient` (`id`, `amount`, `article_id`, `recipe_id`) VALUES (16, '363', 16, 1);
INSERT INTO `ingredient` (`id`, `amount`, `article_id`, `recipe_id`) VALUES (17, '40039', 17, 2);
INSERT INTO `ingredient` (`id`, `amount`, `article_id`, `recipe_id`) VALUES (18, '111', 18, 3);
INSERT INTO `ingredient` (`id`, `amount`, `article_id`, `recipe_id`) VALUES (19, '82947005', 19, 4);
INSERT INTO `ingredient` (`id`, `amount`, `article_id`, `recipe_id`) VALUES (20, '5', 20, 5);
INSERT INTO `ingredient` (`id`, `amount`, `article_id`, `recipe_id`) VALUES (21, '4687', 21, 1);
INSERT INTO `ingredient` (`id`, `amount`, `article_id`, `recipe_id`) VALUES (22, '722735401', 22, 2);
INSERT INTO `ingredient` (`id`, `amount`, `article_id`, `recipe_id`) VALUES (23, '66749005', 23, 3);
INSERT INTO `ingredient` (`id`, `amount`, `article_id`, `recipe_id`) VALUES (24, '35', 24, 4);
INSERT INTO `ingredient` (`id`, `amount`, `article_id`, `recipe_id`) VALUES (25, '24', 25, 5);
INSERT INTO `ingredient` (`id`, `amount`, `article_id`, `recipe_id`) VALUES (26, '232', 26, 1);
INSERT INTO `ingredient` (`id`, `amount`, `article_id`, `recipe_id`) VALUES (27, '743', 27, 2);
INSERT INTO `ingredient` (`id`, `amount`, `article_id`, `recipe_id`) VALUES (28, '5439', 28, 3);
INSERT INTO `ingredient` (`id`, `amount`, `article_id`, `recipe_id`) VALUES (29, '12031912', 29, 4);
INSERT INTO `ingredient` (`id`, `amount`, `article_id`, `recipe_id`) VALUES (30, '719164', 30, 5);
INSERT INTO `ingredient` (`id`, `amount`, `article_id`, `recipe_id`) VALUES (31, '0', 31, 1);
INSERT INTO `ingredient` (`id`, `amount`, `article_id`, `recipe_id`) VALUES (32, '86', 32, 2);
INSERT INTO `ingredient` (`id`, `amount`, `article_id`, `recipe_id`) VALUES (33, '5', 33, 3);
INSERT INTO `ingredient` (`id`, `amount`, `article_id`, `recipe_id`) VALUES (34, '1903', 34, 4);
INSERT INTO `ingredient` (`id`, `amount`, `article_id`, `recipe_id`) VALUES (35, '191926', 35, 5);
INSERT INTO `ingredient` (`id`, `amount`, `article_id`, `recipe_id`) VALUES (36, '61363', 36, 1);
INSERT INTO `ingredient` (`id`, `amount`, `article_id`, `recipe_id`) VALUES (37, '89', 37, 2);
INSERT INTO `ingredient` (`id`, `amount`, `article_id`, `recipe_id`) VALUES (38, '45064', 38, 3);
INSERT INTO `ingredient` (`id`, `amount`, `article_id`, `recipe_id`) VALUES (39, '1023', 39, 4);
INSERT INTO `ingredient` (`id`, `amount`, `article_id`, `recipe_id`) VALUES (40, '1402', 40, 5);
INSERT INTO `ingredient` (`id`, `amount`, `article_id`, `recipe_id`) VALUES (41, '73497', 41, 1);
INSERT INTO `ingredient` (`id`, `amount`, `article_id`, `recipe_id`) VALUES (42, '62819212', 42, 2);
INSERT INTO `ingredient` (`id`, `amount`, `article_id`, `recipe_id`) VALUES (43, '46103', 43, 3);
INSERT INTO `ingredient` (`id`, `amount`, `article_id`, `recipe_id`) VALUES (44, '3568093', 44, 4);
INSERT INTO `ingredient` (`id`, `amount`, `article_id`, `recipe_id`) VALUES (45, '202754', 45, 5);
INSERT INTO `ingredient` (`id`, `amount`, `article_id`, `recipe_id`) VALUES (46, '2', 46, 1);
INSERT INTO `ingredient` (`id`, `amount`, `article_id`, `recipe_id`) VALUES (47, '12211149', 47, 2);
INSERT INTO `ingredient` (`id`, `amount`, `article_id`, `recipe_id`) VALUES (48, '425142', 48, 3);
INSERT INTO `ingredient` (`id`, `amount`, `article_id`, `recipe_id`) VALUES (49, '27', 49, 4);
INSERT INTO `ingredient` (`id`, `amount`, `article_id`, `recipe_id`) VALUES (50, '198', 50, 5);
INSERT INTO `ingredient` (`id`, `amount`, `article_id`, `recipe_id`) VALUES (51, '881', 51, 1);
INSERT INTO `ingredient` (`id`, `amount`, `article_id`, `recipe_id`) VALUES (52, '15678', 52, 2);
INSERT INTO `ingredient` (`id`, `amount`, `article_id`, `recipe_id`) VALUES (53, '1783049', 53, 3);
INSERT INTO `ingredient` (`id`, `amount`, `article_id`, `recipe_id`) VALUES (54, '8464742', 54, 4);
INSERT INTO `ingredient` (`id`, `amount`, `article_id`, `recipe_id`) VALUES (55, '20736', 55, 5);
INSERT INTO `ingredient` (`id`, `amount`, `article_id`, `recipe_id`) VALUES (56, '2883759', 56, 1);
INSERT INTO `ingredient` (`id`, `amount`, `article_id`, `recipe_id`) VALUES (57, '70', 57, 2);
INSERT INTO `ingredient` (`id`, `amount`, `article_id`, `recipe_id`) VALUES (58, '0', 58, 3);
INSERT INTO `ingredient` (`id`, `amount`, `article_id`, `recipe_id`) VALUES (59, '942310', 59, 4);
INSERT INTO `ingredient` (`id`, `amount`, `article_id`, `recipe_id`) VALUES (60, '662524193', 60, 5);
INSERT INTO `ingredient` (`id`, `amount`, `article_id`, `recipe_id`) VALUES (61, '3127388', 61, 1);
INSERT INTO `ingredient` (`id`, `amount`, `article_id`, `recipe_id`) VALUES (62, '0', 62, 2);
INSERT INTO `ingredient` (`id`, `amount`, `article_id`, `recipe_id`) VALUES (63, '345', 63, 3);
INSERT INTO `ingredient` (`id`, `amount`, `article_id`, `recipe_id`) VALUES (64, '1825', 64, 4);
INSERT INTO `ingredient` (`id`, `amount`, `article_id`, `recipe_id`) VALUES (65, '7491938', 65, 5);
INSERT INTO `ingredient` (`id`, `amount`, `article_id`, `recipe_id`) VALUES (66, '2', 66, 1);
INSERT INTO `ingredient` (`id`, `amount`, `article_id`, `recipe_id`) VALUES (67, '46769', 67, 2);
INSERT INTO `ingredient` (`id`, `amount`, `article_id`, `recipe_id`) VALUES (68, '0', 68, 3);
INSERT INTO `ingredient` (`id`, `amount`, `article_id`, `recipe_id`) VALUES (69, '175', 69, 4);
INSERT INTO `ingredient` (`id`, `amount`, `article_id`, `recipe_id`) VALUES (70, '9173680', 70, 5);
INSERT INTO `ingredient` (`id`, `amount`, `article_id`, `recipe_id`) VALUES (71, '7272', 71, 1);
INSERT INTO `ingredient` (`id`, `amount`, `article_id`, `recipe_id`) VALUES (72, '313959', 72, 2);
INSERT INTO `ingredient` (`id`, `amount`, `article_id`, `recipe_id`) VALUES (73, '21462309', 73, 3);
INSERT INTO `ingredient` (`id`, `amount`, `article_id`, `recipe_id`) VALUES (74, '31008', 74, 4);
INSERT INTO `ingredient` (`id`, `amount`, `article_id`, `recipe_id`) VALUES (75, '115', 75, 5);
INSERT INTO `ingredient` (`id`, `amount`, `article_id`, `recipe_id`) VALUES (76, '5759', 76, 1);
INSERT INTO `ingredient` (`id`, `amount`, `article_id`, `recipe_id`) VALUES (77, '0', 77, 2);
INSERT INTO `ingredient` (`id`, `amount`, `article_id`, `recipe_id`) VALUES (78, '0', 78, 3);
INSERT INTO `ingredient` (`id`, `amount`, `article_id`, `recipe_id`) VALUES (79, '1', 79, 4);
INSERT INTO `ingredient` (`id`, `amount`, `article_id`, `recipe_id`) VALUES (80, '541', 80, 5);
INSERT INTO `ingredient` (`id`, `amount`, `article_id`, `recipe_id`) VALUES (81, '16', 81, 1);
INSERT INTO `ingredient` (`id`, `amount`, `article_id`, `recipe_id`) VALUES (82, '66', 82, 2);
INSERT INTO `ingredient` (`id`, `amount`, `article_id`, `recipe_id`) VALUES (83, '302', 83, 3);
INSERT INTO `ingredient` (`id`, `amount`, `article_id`, `recipe_id`) VALUES (84, '1168', 84, 4);
INSERT INTO `ingredient` (`id`, `amount`, `article_id`, `recipe_id`) VALUES (85, '3338', 85, 5);
INSERT INTO `ingredient` (`id`, `amount`, `article_id`, `recipe_id`) VALUES (86, '0', 86, 1);
INSERT INTO `ingredient` (`id`, `amount`, `article_id`, `recipe_id`) VALUES (87, '108643', 87, 2);
INSERT INTO `ingredient` (`id`, `amount`, `article_id`, `recipe_id`) VALUES (88, '288', 88, 3);
INSERT INTO `ingredient` (`id`, `amount`, `article_id`, `recipe_id`) VALUES (89, '0', 89, 4);
INSERT INTO `ingredient` (`id`, `amount`, `article_id`, `recipe_id`) VALUES (90, '450862229', 90, 5);
INSERT INTO `ingredient` (`id`, `amount`, `article_id`, `recipe_id`) VALUES (91, '648', 91, 1);
INSERT INTO `ingredient` (`id`, `amount`, `article_id`, `recipe_id`) VALUES (92, '20567', 92, 2);
INSERT INTO `ingredient` (`id`, `amount`, `article_id`, `recipe_id`) VALUES (93, '266631', 93, 3);
INSERT INTO `ingredient` (`id`, `amount`, `article_id`, `recipe_id`) VALUES (94, '40600', 94, 4);
INSERT INTO `ingredient` (`id`, `amount`, `article_id`, `recipe_id`) VALUES (95, '34', 95, 5);
INSERT INTO `ingredient` (`id`, `amount`, `article_id`, `recipe_id`) VALUES (96, '375195905', 96, 1);
INSERT INTO `ingredient` (`id`, `amount`, `article_id`, `recipe_id`) VALUES (97, '289052926', 97, 2);
INSERT INTO `ingredient` (`id`, `amount`, `article_id`, `recipe_id`) VALUES (98, '9', 98, 3);
INSERT INTO `ingredient` (`id`, `amount`, `article_id`, `recipe_id`) VALUES (99, '25814', 99, 4);
INSERT INTO `ingredient` (`id`, `amount`, `article_id`, `recipe_id`) VALUES (100, '427', 100, 5);


INSERT INTO `kitchen_categories_link` (`id`, `kitchen_category_id`, `recipe_id`) VALUES (1, 1, 1);
INSERT INTO `kitchen_categories_link` (`id`, `kitchen_category_id`, `recipe_id`) VALUES (2, 2, 2);
INSERT INTO `kitchen_categories_link` (`id`, `kitchen_category_id`, `recipe_id`) VALUES (3, 3, 3);
INSERT INTO `kitchen_categories_link` (`id`, `kitchen_category_id`, `recipe_id`) VALUES (4, 4, 4);
INSERT INTO `kitchen_categories_link` (`id`, `kitchen_category_id`, `recipe_id`) VALUES (5, 5, 5);
INSERT INTO `kitchen_categories_link` (`id`, `kitchen_category_id`, `recipe_id`) VALUES (6, 6, 1);
INSERT INTO `kitchen_categories_link` (`id`, `kitchen_category_id`, `recipe_id`) VALUES (7, 7, 2);
INSERT INTO `kitchen_categories_link` (`id`, `kitchen_category_id`, `recipe_id`) VALUES (8, 8, 3);
INSERT INTO `kitchen_categories_link` (`id`, `kitchen_category_id`, `recipe_id`) VALUES (9, 9, 4);
INSERT INTO `kitchen_categories_link` (`id`, `kitchen_category_id`, `recipe_id`) VALUES (10, 10, 5);
INSERT INTO `kitchen_categories_link` (`id`, `kitchen_category_id`, `recipe_id`) VALUES (11, 11, 1);
INSERT INTO `kitchen_categories_link` (`id`, `kitchen_category_id`, `recipe_id`) VALUES (12, 12, 2);
INSERT INTO `kitchen_categories_link` (`id`, `kitchen_category_id`, `recipe_id`) VALUES (13, 13, 3);
INSERT INTO `kitchen_categories_link` (`id`, `kitchen_category_id`, `recipe_id`) VALUES (14, 14, 4);
INSERT INTO `kitchen_categories_link` (`id`, `kitchen_category_id`, `recipe_id`) VALUES (15, 15, 5);
INSERT INTO `kitchen_categories_link` (`id`, `kitchen_category_id`, `recipe_id`) VALUES (16, 16, 1);
INSERT INTO `kitchen_categories_link` (`id`, `kitchen_category_id`, `recipe_id`) VALUES (17, 17, 2);
INSERT INTO `kitchen_categories_link` (`id`, `kitchen_category_id`, `recipe_id`) VALUES (18, 18, 3);
INSERT INTO `kitchen_categories_link` (`id`, `kitchen_category_id`, `recipe_id`) VALUES (19, 19, 4);
INSERT INTO `kitchen_categories_link` (`id`, `kitchen_category_id`, `recipe_id`) VALUES (20, 20, 5);


INSERT INTO `kitchen_category` (`id`, `name`) VALUES (1, 'eum');
INSERT INTO `kitchen_category` (`id`, `name`) VALUES (2, 'illo');
INSERT INTO `kitchen_category` (`id`, `name`) VALUES (3, 'rerum');
INSERT INTO `kitchen_category` (`id`, `name`) VALUES (4, 'voluptas');
INSERT INTO `kitchen_category` (`id`, `name`) VALUES (5, 'deleniti');
INSERT INTO `kitchen_category` (`id`, `name`) VALUES (6, 'labore');
INSERT INTO `kitchen_category` (`id`, `name`) VALUES (7, 'hic');
INSERT INTO `kitchen_category` (`id`, `name`) VALUES (8, 'tenetur');
INSERT INTO `kitchen_category` (`id`, `name`) VALUES (9, 'repellendus');
INSERT INTO `kitchen_category` (`id`, `name`) VALUES (10, 'saepe');
INSERT INTO `kitchen_category` (`id`, `name`) VALUES (11, 'pariatur');
INSERT INTO `kitchen_category` (`id`, `name`) VALUES (12, 'dolores');
INSERT INTO `kitchen_category` (`id`, `name`) VALUES (13, 'sed');
INSERT INTO `kitchen_category` (`id`, `name`) VALUES (14, 'rerum');
INSERT INTO `kitchen_category` (`id`, `name`) VALUES (15, 'qui');
INSERT INTO `kitchen_category` (`id`, `name`) VALUES (16, 'eligendi');
INSERT INTO `kitchen_category` (`id`, `name`) VALUES (17, 'pariatur');
INSERT INTO `kitchen_category` (`id`, `name`) VALUES (18, 'sequi');
INSERT INTO `kitchen_category` (`id`, `name`) VALUES (19, 'nihil');
INSERT INTO `kitchen_category` (`id`, `name`) VALUES (20, 'occaecati');


INSERT INTO `kitchen_region` (`id`, `name`) VALUES (1, 'Burkina Faso');
INSERT INTO `kitchen_region` (`id`, `name`) VALUES (2, 'Oman');
INSERT INTO `kitchen_region` (`id`, `name`) VALUES (3, 'Austria');
INSERT INTO `kitchen_region` (`id`, `name`) VALUES (4, 'Western Sahara');
INSERT INTO `kitchen_region` (`id`, `name`) VALUES (5, 'Saint Helena');
INSERT INTO `kitchen_region` (`id`, `name`) VALUES (6, 'Northern Mariana Islands');
INSERT INTO `kitchen_region` (`id`, `name`) VALUES (7, 'Sri Lanka');
INSERT INTO `kitchen_region` (`id`, `name`) VALUES (8, 'Hong Kong');
INSERT INTO `kitchen_region` (`id`, `name`) VALUES (9, 'Georgia');
INSERT INTO `kitchen_region` (`id`, `name`) VALUES (10, 'Bolivia');
INSERT INTO `kitchen_region` (`id`, `name`) VALUES (11, 'New Zealand');
INSERT INTO `kitchen_region` (`id`, `name`) VALUES (12, 'Afghanistan');
INSERT INTO `kitchen_region` (`id`, `name`) VALUES (13, 'United States Virgin Islands');
INSERT INTO `kitchen_region` (`id`, `name`) VALUES (14, 'Zambia');
INSERT INTO `kitchen_region` (`id`, `name`) VALUES (15, 'Turkmenistan');
INSERT INTO `kitchen_region` (`id`, `name`) VALUES (16, 'Turkey');
INSERT INTO `kitchen_region` (`id`, `name`) VALUES (17, 'Mongolia');
INSERT INTO `kitchen_region` (`id`, `name`) VALUES (18, 'Peru');
INSERT INTO `kitchen_region` (`id`, `name`) VALUES (19, 'Albania');
INSERT INTO `kitchen_region` (`id`, `name`) VALUES (20, 'Barbados');
INSERT INTO `kitchen_region` (`id`, `name`) VALUES (21, 'Slovakia (Slovak Republic)');
INSERT INTO `kitchen_region` (`id`, `name`) VALUES (22, 'Czech Republic');
INSERT INTO `kitchen_region` (`id`, `name`) VALUES (23, 'Northern Mariana Islands');
INSERT INTO `kitchen_region` (`id`, `name`) VALUES (24, 'Mauritius');
INSERT INTO `kitchen_region` (`id`, `name`) VALUES (25, 'Niue');
INSERT INTO `kitchen_region` (`id`, `name`) VALUES (26, 'United States of America');
INSERT INTO `kitchen_region` (`id`, `name`) VALUES (27, 'Antarctica (the territory South of 60 deg S)');
INSERT INTO `kitchen_region` (`id`, `name`) VALUES (28, 'Albania');
INSERT INTO `kitchen_region` (`id`, `name`) VALUES (29, 'Palau');
INSERT INTO `kitchen_region` (`id`, `name`) VALUES (30, 'Iceland');
INSERT INTO `kitchen_region` (`id`, `name`) VALUES (31, 'Dominica');
INSERT INTO `kitchen_region` (`id`, `name`) VALUES (32, 'Papua New Guinea');
INSERT INTO `kitchen_region` (`id`, `name`) VALUES (33, 'Saint Lucia');
INSERT INTO `kitchen_region` (`id`, `name`) VALUES (34, 'Antigua and Barbuda');
INSERT INTO `kitchen_region` (`id`, `name`) VALUES (35, 'Greece');
INSERT INTO `kitchen_region` (`id`, `name`) VALUES (36, 'Chad');
INSERT INTO `kitchen_region` (`id`, `name`) VALUES (37, 'Martinique');
INSERT INTO `kitchen_region` (`id`, `name`) VALUES (38, 'Hungary');
INSERT INTO `kitchen_region` (`id`, `name`) VALUES (39, 'Turkmenistan');
INSERT INTO `kitchen_region` (`id`, `name`) VALUES (40, 'Malaysia');
INSERT INTO `kitchen_region` (`id`, `name`) VALUES (41, 'Norfolk Island');
INSERT INTO `kitchen_region` (`id`, `name`) VALUES (42, 'Finland');
INSERT INTO `kitchen_region` (`id`, `name`) VALUES (43, 'Guinea');
INSERT INTO `kitchen_region` (`id`, `name`) VALUES (44, 'Gambia');
INSERT INTO `kitchen_region` (`id`, `name`) VALUES (45, 'Latvia');
INSERT INTO `kitchen_region` (`id`, `name`) VALUES (46, 'Pitcairn Islands');
INSERT INTO `kitchen_region` (`id`, `name`) VALUES (47, 'Belgium');
INSERT INTO `kitchen_region` (`id`, `name`) VALUES (48, 'Turks and Caicos Islands');
INSERT INTO `kitchen_region` (`id`, `name`) VALUES (49, 'Bermuda');
INSERT INTO `kitchen_region` (`id`, `name`) VALUES (50, 'Turks and Caicos Islands');
INSERT INTO `kitchen_region` (`id`, `name`) VALUES (51, 'Nigeria');
INSERT INTO `kitchen_region` (`id`, `name`) VALUES (52, 'Paraguay');
INSERT INTO `kitchen_region` (`id`, `name`) VALUES (53, 'Ethiopia');
INSERT INTO `kitchen_region` (`id`, `name`) VALUES (54, 'Finland');
INSERT INTO `kitchen_region` (`id`, `name`) VALUES (55, 'Bosnia and Herzegovina');
INSERT INTO `kitchen_region` (`id`, `name`) VALUES (56, 'Dominica');
INSERT INTO `kitchen_region` (`id`, `name`) VALUES (57, 'Mayotte');
INSERT INTO `kitchen_region` (`id`, `name`) VALUES (58, 'Macao');
INSERT INTO `kitchen_region` (`id`, `name`) VALUES (59, 'Slovakia (Slovak Republic)');
INSERT INTO `kitchen_region` (`id`, `name`) VALUES (60, 'Zambia');
INSERT INTO `kitchen_region` (`id`, `name`) VALUES (61, 'Puerto Rico');
INSERT INTO `kitchen_region` (`id`, `name`) VALUES (62, 'Namibia');
INSERT INTO `kitchen_region` (`id`, `name`) VALUES (63, 'Greenland');
INSERT INTO `kitchen_region` (`id`, `name`) VALUES (64, 'Namibia');
INSERT INTO `kitchen_region` (`id`, `name`) VALUES (65, 'Malawi');
INSERT INTO `kitchen_region` (`id`, `name`) VALUES (66, 'Poland');
INSERT INTO `kitchen_region` (`id`, `name`) VALUES (67, 'Saint Barthelemy');
INSERT INTO `kitchen_region` (`id`, `name`) VALUES (68, 'South Africa');
INSERT INTO `kitchen_region` (`id`, `name`) VALUES (69, 'Poland');
INSERT INTO `kitchen_region` (`id`, `name`) VALUES (70, 'Turks and Caicos Islands');
INSERT INTO `kitchen_region` (`id`, `name`) VALUES (71, 'Ireland');
INSERT INTO `kitchen_region` (`id`, `name`) VALUES (72, 'Turkey');
INSERT INTO `kitchen_region` (`id`, `name`) VALUES (73, 'Myanmar');
INSERT INTO `kitchen_region` (`id`, `name`) VALUES (74, 'Tajikistan');
INSERT INTO `kitchen_region` (`id`, `name`) VALUES (75, 'Finland');
INSERT INTO `kitchen_region` (`id`, `name`) VALUES (76, 'Maldives');
INSERT INTO `kitchen_region` (`id`, `name`) VALUES (77, 'Ecuador');
INSERT INTO `kitchen_region` (`id`, `name`) VALUES (78, 'Gabon');
INSERT INTO `kitchen_region` (`id`, `name`) VALUES (79, 'Burkina Faso');
INSERT INTO `kitchen_region` (`id`, `name`) VALUES (80, 'Algeria');
INSERT INTO `kitchen_region` (`id`, `name`) VALUES (81, 'Yemen');
INSERT INTO `kitchen_region` (`id`, `name`) VALUES (82, 'Guadeloupe');
INSERT INTO `kitchen_region` (`id`, `name`) VALUES (83, 'British Virgin Islands');
INSERT INTO `kitchen_region` (`id`, `name`) VALUES (84, 'Morocco');
INSERT INTO `kitchen_region` (`id`, `name`) VALUES (85, 'Lebanon');
INSERT INTO `kitchen_region` (`id`, `name`) VALUES (86, 'Tajikistan');
INSERT INTO `kitchen_region` (`id`, `name`) VALUES (87, 'Mozambique');
INSERT INTO `kitchen_region` (`id`, `name`) VALUES (88, 'Lithuania');
INSERT INTO `kitchen_region` (`id`, `name`) VALUES (89, 'Latvia');
INSERT INTO `kitchen_region` (`id`, `name`) VALUES (90, 'Aruba');
INSERT INTO `kitchen_region` (`id`, `name`) VALUES (91, 'Tonga');
INSERT INTO `kitchen_region` (`id`, `name`) VALUES (92, 'Saint Helena');
INSERT INTO `kitchen_region` (`id`, `name`) VALUES (93, 'Argentina');
INSERT INTO `kitchen_region` (`id`, `name`) VALUES (94, 'Honduras');
INSERT INTO `kitchen_region` (`id`, `name`) VALUES (95, 'Djibouti');
INSERT INTO `kitchen_region` (`id`, `name`) VALUES (96, 'Zimbabwe');
INSERT INTO `kitchen_region` (`id`, `name`) VALUES (97, 'Mexico');
INSERT INTO `kitchen_region` (`id`, `name`) VALUES (98, 'Guadeloupe');
INSERT INTO `kitchen_region` (`id`, `name`) VALUES (99, 'Central African Republic');
INSERT INTO `kitchen_region` (`id`, `name`) VALUES (100, 'Japan');


INSERT INTO `kitchen_type` (`id`, `name`) VALUES (1, 'sunt');
INSERT INTO `kitchen_type` (`id`, `name`) VALUES (2, 'natus');
INSERT INTO `kitchen_type` (`id`, `name`) VALUES (3, 'enim');
INSERT INTO `kitchen_type` (`id`, `name`) VALUES (4, 'quos');
INSERT INTO `kitchen_type` (`id`, `name`) VALUES (5, 'neque');
INSERT INTO `kitchen_type` (`id`, `name`) VALUES (6, 'provident');
INSERT INTO `kitchen_type` (`id`, `name`) VALUES (7, 'quo');
INSERT INTO `kitchen_type` (`id`, `name`) VALUES (8, 'voluptatibus');
INSERT INTO `kitchen_type` (`id`, `name`) VALUES (9, 'voluptas');
INSERT INTO `kitchen_type` (`id`, `name`) VALUES (10, 'laborum');
INSERT INTO `kitchen_type` (`id`, `name`) VALUES (11, 'eos');
INSERT INTO `kitchen_type` (`id`, `name`) VALUES (12, 'amet');
INSERT INTO `kitchen_type` (`id`, `name`) VALUES (13, 'nemo');
INSERT INTO `kitchen_type` (`id`, `name`) VALUES (14, 'labore');
INSERT INTO `kitchen_type` (`id`, `name`) VALUES (15, 'sunt');
INSERT INTO `kitchen_type` (`id`, `name`) VALUES (16, 'temporibus');
INSERT INTO `kitchen_type` (`id`, `name`) VALUES (17, 'dolorem');
INSERT INTO `kitchen_type` (`id`, `name`) VALUES (18, 'et');
INSERT INTO `kitchen_type` (`id`, `name`) VALUES (19, 'soluta');
INSERT INTO `kitchen_type` (`id`, `name`) VALUES (20, 'earum');
INSERT INTO `kitchen_type` (`id`, `name`) VALUES (21, 'consequatur');
INSERT INTO `kitchen_type` (`id`, `name`) VALUES (22, 'ut');
INSERT INTO `kitchen_type` (`id`, `name`) VALUES (23, 'provident');
INSERT INTO `kitchen_type` (`id`, `name`) VALUES (24, 'veritatis');
INSERT INTO `kitchen_type` (`id`, `name`) VALUES (25, 'asperiores');
INSERT INTO `kitchen_type` (`id`, `name`) VALUES (26, 'et');
INSERT INTO `kitchen_type` (`id`, `name`) VALUES (27, 'error');
INSERT INTO `kitchen_type` (`id`, `name`) VALUES (28, 'aut');
INSERT INTO `kitchen_type` (`id`, `name`) VALUES (29, 'reprehenderit');
INSERT INTO `kitchen_type` (`id`, `name`) VALUES (30, 'quidem');
INSERT INTO `kitchen_type` (`id`, `name`) VALUES (31, 'qui');
INSERT INTO `kitchen_type` (`id`, `name`) VALUES (32, 'dicta');
INSERT INTO `kitchen_type` (`id`, `name`) VALUES (33, 'incidunt');
INSERT INTO `kitchen_type` (`id`, `name`) VALUES (34, 'eum');
INSERT INTO `kitchen_type` (`id`, `name`) VALUES (35, 'magni');
INSERT INTO `kitchen_type` (`id`, `name`) VALUES (36, 'enim');
INSERT INTO `kitchen_type` (`id`, `name`) VALUES (37, 'molestiae');
INSERT INTO `kitchen_type` (`id`, `name`) VALUES (38, 'eveniet');
INSERT INTO `kitchen_type` (`id`, `name`) VALUES (39, 'provident');
INSERT INTO `kitchen_type` (`id`, `name`) VALUES (40, 'sequi');
INSERT INTO `kitchen_type` (`id`, `name`) VALUES (41, 'porro');
INSERT INTO `kitchen_type` (`id`, `name`) VALUES (42, 'dolor');
INSERT INTO `kitchen_type` (`id`, `name`) VALUES (43, 'quibusdam');
INSERT INTO `kitchen_type` (`id`, `name`) VALUES (44, 'qui');
INSERT INTO `kitchen_type` (`id`, `name`) VALUES (45, 'et');
INSERT INTO `kitchen_type` (`id`, `name`) VALUES (46, 'pariatur');
INSERT INTO `kitchen_type` (`id`, `name`) VALUES (47, 'modi');
INSERT INTO `kitchen_type` (`id`, `name`) VALUES (48, 'velit');
INSERT INTO `kitchen_type` (`id`, `name`) VALUES (49, 'qui');
INSERT INTO `kitchen_type` (`id`, `name`) VALUES (50, 'minima');
INSERT INTO `kitchen_type` (`id`, `name`) VALUES (51, 'dignissimos');
INSERT INTO `kitchen_type` (`id`, `name`) VALUES (52, 'ea');
INSERT INTO `kitchen_type` (`id`, `name`) VALUES (53, 'molestiae');
INSERT INTO `kitchen_type` (`id`, `name`) VALUES (54, 'iste');
INSERT INTO `kitchen_type` (`id`, `name`) VALUES (55, 'beatae');
INSERT INTO `kitchen_type` (`id`, `name`) VALUES (56, 'asperiores');
INSERT INTO `kitchen_type` (`id`, `name`) VALUES (57, 'tenetur');
INSERT INTO `kitchen_type` (`id`, `name`) VALUES (58, 'tenetur');
INSERT INTO `kitchen_type` (`id`, `name`) VALUES (59, 'molestias');
INSERT INTO `kitchen_type` (`id`, `name`) VALUES (60, 'numquam');
INSERT INTO `kitchen_type` (`id`, `name`) VALUES (61, 'sunt');
INSERT INTO `kitchen_type` (`id`, `name`) VALUES (62, 'quae');
INSERT INTO `kitchen_type` (`id`, `name`) VALUES (63, 'temporibus');
INSERT INTO `kitchen_type` (`id`, `name`) VALUES (64, 'est');
INSERT INTO `kitchen_type` (`id`, `name`) VALUES (65, 'voluptas');
INSERT INTO `kitchen_type` (`id`, `name`) VALUES (66, 'earum');
INSERT INTO `kitchen_type` (`id`, `name`) VALUES (67, 'assumenda');
INSERT INTO `kitchen_type` (`id`, `name`) VALUES (68, 'impedit');
INSERT INTO `kitchen_type` (`id`, `name`) VALUES (69, 'aut');
INSERT INTO `kitchen_type` (`id`, `name`) VALUES (70, 'saepe');
INSERT INTO `kitchen_type` (`id`, `name`) VALUES (71, 'eum');
INSERT INTO `kitchen_type` (`id`, `name`) VALUES (72, 'voluptatum');
INSERT INTO `kitchen_type` (`id`, `name`) VALUES (73, 'autem');
INSERT INTO `kitchen_type` (`id`, `name`) VALUES (74, 'in');
INSERT INTO `kitchen_type` (`id`, `name`) VALUES (75, 'est');
INSERT INTO `kitchen_type` (`id`, `name`) VALUES (76, 'in');
INSERT INTO `kitchen_type` (`id`, `name`) VALUES (77, 'et');
INSERT INTO `kitchen_type` (`id`, `name`) VALUES (78, 'occaecati');
INSERT INTO `kitchen_type` (`id`, `name`) VALUES (79, 'consequuntur');
INSERT INTO `kitchen_type` (`id`, `name`) VALUES (80, 'ipsam');
INSERT INTO `kitchen_type` (`id`, `name`) VALUES (81, 'aut');
INSERT INTO `kitchen_type` (`id`, `name`) VALUES (82, 'doloribus');
INSERT INTO `kitchen_type` (`id`, `name`) VALUES (83, 'aut');
INSERT INTO `kitchen_type` (`id`, `name`) VALUES (84, 'maiores');
INSERT INTO `kitchen_type` (`id`, `name`) VALUES (85, 'consequatur');
INSERT INTO `kitchen_type` (`id`, `name`) VALUES (86, 'veritatis');
INSERT INTO `kitchen_type` (`id`, `name`) VALUES (87, 'repudiandae');
INSERT INTO `kitchen_type` (`id`, `name`) VALUES (88, 'aut');
INSERT INTO `kitchen_type` (`id`, `name`) VALUES (89, 'ex');
INSERT INTO `kitchen_type` (`id`, `name`) VALUES (90, 'voluptate');
INSERT INTO `kitchen_type` (`id`, `name`) VALUES (91, 'quas');
INSERT INTO `kitchen_type` (`id`, `name`) VALUES (92, 'nisi');
INSERT INTO `kitchen_type` (`id`, `name`) VALUES (93, 'ducimus');
INSERT INTO `kitchen_type` (`id`, `name`) VALUES (94, 'est');
INSERT INTO `kitchen_type` (`id`, `name`) VALUES (95, 'aspernatur');
INSERT INTO `kitchen_type` (`id`, `name`) VALUES (96, 'id');
INSERT INTO `kitchen_type` (`id`, `name`) VALUES (97, 'et');
INSERT INTO `kitchen_type` (`id`, `name`) VALUES (98, 'voluptas');
INSERT INTO `kitchen_type` (`id`, `name`) VALUES (99, 'similique');
INSERT INTO `kitchen_type` (`id`, `name`) VALUES (100, 'qui');


INSERT INTO `preparation` (`id`, `instructions`, `step`, `recipe_id`) VALUES (1, 'Accusantium aut voluptate est animi debitis. Soluta fuga eum quis quisquam totam quidem. Sequi temporibus laborum accusamus vero. Beatae sunt sapiente veniam quia suscipit aliquid qui. Ipsum est cum sint quo quisquam ex.', 5, 1);
INSERT INTO `preparation` (`id`, `instructions`, `step`, `recipe_id`) VALUES (2, 'Quia ut in aliquid voluptatem eius et eligendi. Deleniti quis ab officiis reiciendis facere delectus deleniti omnis. Qui impedit rerum nisi in. Alias architecto in dolor expedita.', 5, 2);
INSERT INTO `preparation` (`id`, `instructions`, `step`, `recipe_id`) VALUES (3, 'Nesciunt quia deleniti quis sed quo autem soluta. Eaque asperiores facere quisquam enim voluptas similique. Illum nostrum soluta perspiciatis nostrum minima voluptatum. Velit quas atque reprehenderit id soluta magnam consequatur iure.', 7, 3);
INSERT INTO `preparation` (`id`, `instructions`, `step`, `recipe_id`) VALUES (4, 'Harum ipsum et deleniti velit tenetur cum. Magnam et esse delectus. Sint aut sit id dicta nisi et velit.', 0, 4);
INSERT INTO `preparation` (`id`, `instructions`, `step`, `recipe_id`) VALUES (5, 'Tempore sit alias ipsum distinctio. Reiciendis dicta reiciendis quis quo nihil omnis sunt. Iusto dolorem velit id est non est ipsum. Sint nam et illo.', 7, 5);
INSERT INTO `preparation` (`id`, `instructions`, `step`, `recipe_id`) VALUES (6, 'Exercitationem unde illum eum. Inventore amet suscipit assumenda natus laboriosam nesciunt consequuntur. Eum consectetur quia rerum et saepe. Aspernatur officia atque neque ipsam et facilis voluptatum dolorum.', 0, 1);
INSERT INTO `preparation` (`id`, `instructions`, `step`, `recipe_id`) VALUES (7, 'Quis iusto corrupti atque labore. Iure sunt et dolor est. Quis repudiandae non numquam eum quo voluptas.', 4, 2);
INSERT INTO `preparation` (`id`, `instructions`, `step`, `recipe_id`) VALUES (8, 'Est distinctio voluptates eos consequatur. Consequatur a nihil sunt dolor iste. Vel aspernatur voluptatem libero enim.', 9, 3);
INSERT INTO `preparation` (`id`, `instructions`, `step`, `recipe_id`) VALUES (9, 'Modi tempore voluptates praesentium sit quo minus. Dignissimos iure et sint aut omnis vel dolor.', 8, 4);
INSERT INTO `preparation` (`id`, `instructions`, `step`, `recipe_id`) VALUES (10, 'Quia animi eos corrupti sed sed voluptatem. Ipsa natus blanditiis natus voluptas in non. Doloremque quia quae eos voluptates pariatur.', 1, 5);
INSERT INTO `preparation` (`id`, `instructions`, `step`, `recipe_id`) VALUES (11, 'Minima occaecati ut ut omnis soluta. Voluptatibus enim beatae error ut iste quasi voluptatibus. Et aut molestias consequatur illo illum quia doloremque nulla.', 7, 1);
INSERT INTO `preparation` (`id`, `instructions`, `step`, `recipe_id`) VALUES (12, 'Fugiat harum ut accusantium ut nostrum minus. Quis saepe modi a autem et. Id aut cupiditate vero asperiores in aperiam. Ea eos accusantium aut quidem ut nam dolor quod.', 8, 2);
INSERT INTO `preparation` (`id`, `instructions`, `step`, `recipe_id`) VALUES (13, 'Quod corrupti consequatur repellendus corporis ea. Beatae repellat quaerat consectetur corporis. Nostrum et et expedita aut et.', 2, 3);
INSERT INTO `preparation` (`id`, `instructions`, `step`, `recipe_id`) VALUES (14, 'Atque aut esse aperiam magnam maxime. Iure quae animi dolor nihil maiores tenetur. Voluptas culpa tempore ad nulla non. Incidunt odit laborum nam.', 0, 4);
INSERT INTO `preparation` (`id`, `instructions`, `step`, `recipe_id`) VALUES (15, 'Impedit qui quis quia. Repudiandae ullam aut non minima ratione quia.', 5, 5);
INSERT INTO `preparation` (`id`, `instructions`, `step`, `recipe_id`) VALUES (16, 'Voluptatem beatae ut laudantium nihil aliquam voluptatem rerum. Possimus odit magni ea voluptatum ea asperiores. Deserunt ut qui in delectus dolores ut. Ipsam aliquam et sed architecto ut eos ut.', 7, 1);
INSERT INTO `preparation` (`id`, `instructions`, `step`, `recipe_id`) VALUES (17, 'Hic qui placeat non labore dolores dolores magnam. Quibusdam voluptatum est tempora voluptas accusantium. Numquam aliquid at laborum ut. Blanditiis quibusdam omnis explicabo vero.', 0, 2);
INSERT INTO `preparation` (`id`, `instructions`, `step`, `recipe_id`) VALUES (18, 'Quam dignissimos saepe quisquam. Ut cumque quo voluptatem quaerat non. Sit est quia labore laudantium dolor consectetur.', 8, 3);
INSERT INTO `preparation` (`id`, `instructions`, `step`, `recipe_id`) VALUES (19, 'Repudiandae pariatur voluptatem quasi illo iure rerum temporibus voluptate. Ad voluptatibus impedit quidem dolor nihil. Ex deleniti minus corrupti corrupti ex rerum. Omnis quos corrupti porro sint necessitatibus quia est. Cum dolorem sit autem dolor.', 8, 4);
INSERT INTO `preparation` (`id`, `instructions`, `step`, `recipe_id`) VALUES (20, 'Nisi molestiae voluptas perspiciatis incidunt nihil autem. Amet possimus reprehenderit aspernatur sunt est est. Ab consequatur et est qui mollitia molestiae esse.', 2, 5);
INSERT INTO `preparation` (`id`, `instructions`, `step`, `recipe_id`) VALUES (21, 'Non quaerat eaque dolores quidem adipisci. Alias pariatur enim aliquid ea cum nostrum. Accusamus consequatur necessitatibus facere harum facere ut. Iste et tempore ducimus autem numquam sit.', 3, 1);
INSERT INTO `preparation` (`id`, `instructions`, `step`, `recipe_id`) VALUES (22, 'Perferendis recusandae temporibus et quam alias est. Iste temporibus voluptatem voluptate animi dolor et. Dolore est ut placeat nesciunt inventore quo.', 7, 2);
INSERT INTO `preparation` (`id`, `instructions`, `step`, `recipe_id`) VALUES (23, 'Ea est possimus dolor cupiditate atque ut molestiae. Repudiandae dolor velit consequatur ut laudantium veritatis. In eos qui eum nobis deserunt facilis atque. Dolor illo amet enim sapiente. Molestiae est ut sed omnis voluptas laudantium eum.', 1, 3);
INSERT INTO `preparation` (`id`, `instructions`, `step`, `recipe_id`) VALUES (24, 'Debitis deserunt temporibus voluptatem repudiandae. Aliquid sint vero nobis. Quaerat dolorem eius commodi. Facilis error quis impedit odit ea culpa similique.', 7, 4);
INSERT INTO `preparation` (`id`, `instructions`, `step`, `recipe_id`) VALUES (25, 'Incidunt dolorem saepe id amet expedita. Ipsum laudantium fuga fugiat quasi. Pariatur odio ullam quod aliquid rem qui nesciunt. Voluptatibus optio et possimus.', 6, 5);
INSERT INTO `preparation` (`id`, `instructions`, `step`, `recipe_id`) VALUES (26, 'Velit qui neque eos eaque. Consequatur fugit ipsam sed voluptatem. Quo quo enim natus fuga et. Quae inventore enim odio libero reiciendis repudiandae.', 4, 1);
INSERT INTO `preparation` (`id`, `instructions`, `step`, `recipe_id`) VALUES (27, 'Ullam voluptates nulla sit velit. Qui accusamus fugiat illo voluptas numquam explicabo. Ducimus dolore non ea omnis cupiditate repellat eligendi ut.', 1, 2);
INSERT INTO `preparation` (`id`, `instructions`, `step`, `recipe_id`) VALUES (28, 'Quas dolor iste et corporis neque. Aut et excepturi et. Vel sed qui error sed expedita quia magnam officia. Ut vel omnis qui maiores.', 4, 3);
INSERT INTO `preparation` (`id`, `instructions`, `step`, `recipe_id`) VALUES (29, 'Fugit consequatur modi itaque et beatae voluptatem optio quia. Cumque sit qui quam aut nemo quod temporibus. Repudiandae enim ea est incidunt.', 8, 4);
INSERT INTO `preparation` (`id`, `instructions`, `step`, `recipe_id`) VALUES (30, 'Et ut blanditiis voluptate illo magni dolores. Omnis labore totam dolorem est dolor et quis. Non eaque corrupti at est.', 9, 5);
INSERT INTO `preparation` (`id`, `instructions`, `step`, `recipe_id`) VALUES (31, 'At sed est est repellendus accusantium qui et et. Dolorem sit unde ex et suscipit. Ab fugit explicabo tenetur. Eum nostrum sit animi vel.', 8, 1);
INSERT INTO `preparation` (`id`, `instructions`, `step`, `recipe_id`) VALUES (32, 'Voluptatem est deleniti nihil vitae. Unde officiis consequatur repudiandae eius iusto. Enim qui architecto occaecati odio dolores magni quis et. Omnis minima dicta aut animi molestiae. Quo quam ducimus nihil voluptatem.', 6, 2);
INSERT INTO `preparation` (`id`, `instructions`, `step`, `recipe_id`) VALUES (33, 'Assumenda quos sit qui et est. Corporis reiciendis consequatur dolores et cumque facilis. Qui qui perspiciatis reiciendis quisquam totam nobis.', 1, 3);
INSERT INTO `preparation` (`id`, `instructions`, `step`, `recipe_id`) VALUES (34, 'Et quia voluptas nemo aut. Sint asperiores eum soluta iste expedita voluptatem modi. Nobis et sunt porro officia ducimus illum dolorum. Magnam quia nulla quaerat accusantium ab magni ut.', 4, 4);
INSERT INTO `preparation` (`id`, `instructions`, `step`, `recipe_id`) VALUES (35, 'Dicta tempora enim perspiciatis est. Voluptate corporis expedita consequatur saepe qui qui id eos. Quae voluptatem saepe est nisi architecto incidunt eveniet dolorem.', 6, 5);
INSERT INTO `preparation` (`id`, `instructions`, `step`, `recipe_id`) VALUES (36, 'Nulla ut itaque alias repellat blanditiis. Eos accusantium ullam non culpa. Dolorem modi sit minima similique. Eligendi iste corrupti tenetur est optio fuga molestiae.', 2, 1);
INSERT INTO `preparation` (`id`, `instructions`, `step`, `recipe_id`) VALUES (37, 'Eum accusamus eligendi voluptates debitis. Qui quis suscipit ipsa fugit. Et qui sed quod voluptas id esse veritatis.', 6, 2);
INSERT INTO `preparation` (`id`, `instructions`, `step`, `recipe_id`) VALUES (38, 'Beatae id excepturi voluptas corrupti. Illum dicta omnis voluptatem molestias omnis doloremque. Consequuntur sed sint delectus et omnis maxime.', 0, 3);
INSERT INTO `preparation` (`id`, `instructions`, `step`, `recipe_id`) VALUES (39, 'Qui sint possimus soluta quaerat ut autem. Sed ipsum voluptas fuga sed.', 1, 4);
INSERT INTO `preparation` (`id`, `instructions`, `step`, `recipe_id`) VALUES (40, 'Distinctio id eos dolores commodi consequatur et. Distinctio in quia est beatae quae voluptatem. Perferendis facere sed dolorum iste sunt dolore maxime.', 6, 5);
INSERT INTO `preparation` (`id`, `instructions`, `step`, `recipe_id`) VALUES (41, 'Saepe consequatur corporis impedit harum eius possimus laboriosam. Est dolorum adipisci quia consequatur distinctio. Id excepturi nisi nulla voluptas laudantium quaerat qui.', 1, 1);
INSERT INTO `preparation` (`id`, `instructions`, `step`, `recipe_id`) VALUES (42, 'Ut quia aperiam amet architecto voluptatem nihil nulla. Fugiat ut sunt optio rerum.', 3, 2);
INSERT INTO `preparation` (`id`, `instructions`, `step`, `recipe_id`) VALUES (43, 'Nulla perferendis enim delectus ipsum consequuntur molestias ipsam. Commodi ut sed blanditiis consequuntur tempore ab dignissimos illo. Ipsa veniam quia velit. Eius vero sed nihil ipsum itaque.', 3, 3);
INSERT INTO `preparation` (`id`, `instructions`, `step`, `recipe_id`) VALUES (44, 'Et omnis non qui consequatur tempora sit vel. Officiis asperiores voluptas voluptatem maiores qui.', 1, 4);
INSERT INTO `preparation` (`id`, `instructions`, `step`, `recipe_id`) VALUES (45, 'Ab sed et necessitatibus qui perferendis eligendi tempora. Consequatur amet error sunt. Omnis dolores qui quo iusto tempore quis unde. Cupiditate ex dolores neque vitae.', 9, 5);
INSERT INTO `preparation` (`id`, `instructions`, `step`, `recipe_id`) VALUES (46, 'Non quisquam eius nihil at sunt eligendi. Dolorum neque corporis autem qui doloremque aut aut.', 2, 1);
INSERT INTO `preparation` (`id`, `instructions`, `step`, `recipe_id`) VALUES (47, 'Itaque minus et culpa aut voluptas. Quisquam voluptas consequatur enim molestias perferendis. Quas qui nisi saepe qui omnis illo. Et quae sed voluptas sint earum.', 7, 2);
INSERT INTO `preparation` (`id`, `instructions`, `step`, `recipe_id`) VALUES (48, 'Beatae qui dicta veritatis amet impedit. Ea est aut omnis architecto soluta ea. Ipsam labore quidem quae et est.', 8, 3);
INSERT INTO `preparation` (`id`, `instructions`, `step`, `recipe_id`) VALUES (49, 'Optio ullam delectus et est hic. Voluptas et voluptas molestiae voluptas dolor autem. Et doloremque ut laboriosam veritatis earum ipsa.', 5, 4);
INSERT INTO `preparation` (`id`, `instructions`, `step`, `recipe_id`) VALUES (50, 'Qui non itaque est molestiae voluptatem quibusdam. Velit velit molestiae id recusandae fugiat eligendi. Blanditiis reprehenderit molestiae voluptatibus ut at qui nisi a.', 1, 5);
INSERT INTO `preparation` (`id`, `instructions`, `step`, `recipe_id`) VALUES (51, 'Est vel qui necessitatibus. Ab vero quisquam natus laudantium quia vero omnis deserunt. Facere dolores autem saepe est ipsam.', 1, 1);
INSERT INTO `preparation` (`id`, `instructions`, `step`, `recipe_id`) VALUES (52, 'Quidem dolor repellendus mollitia sint ipsum et ad. Quia repellat ut ratione quasi reprehenderit. Quod sed sint earum qui veritatis aut dolores. Repellendus ullam voluptas esse tempore.', 4, 2);
INSERT INTO `preparation` (`id`, `instructions`, `step`, `recipe_id`) VALUES (53, 'Sit quia sed dolorem nobis. Omnis nihil ratione enim impedit. Aut enim assumenda minima porro voluptatum quis.', 7, 3);
INSERT INTO `preparation` (`id`, `instructions`, `step`, `recipe_id`) VALUES (54, 'Ut dolore et qui voluptatem. Ad odit amet maxime numquam eaque aliquid. Perferendis iusto amet deleniti a necessitatibus dolores quia.', 5, 4);
INSERT INTO `preparation` (`id`, `instructions`, `step`, `recipe_id`) VALUES (55, 'Repellendus et dolorem repellat odio maxime saepe. Perspiciatis enim saepe expedita quod ut voluptatem. Quidem in et facere dicta. Eos expedita quia enim modi ipsum consequatur et.', 7, 5);
INSERT INTO `preparation` (`id`, `instructions`, `step`, `recipe_id`) VALUES (56, 'Dolor est modi culpa quia. Et et eos incidunt pariatur voluptatem recusandae in. Perferendis quas ducimus nihil ipsa. Amet architecto consectetur nihil doloribus omnis voluptatibus ratione soluta.', 2, 1);
INSERT INTO `preparation` (`id`, `instructions`, `step`, `recipe_id`) VALUES (57, 'Aliquid quisquam eos in. Quibusdam optio autem rerum animi. Deleniti est et beatae ullam consequatur at est.', 8, 2);
INSERT INTO `preparation` (`id`, `instructions`, `step`, `recipe_id`) VALUES (58, 'Harum vel aliquid eligendi nemo eos repudiandae. Perspiciatis aut sed sunt voluptates et praesentium. Ipsam error esse sed ex et dolorem. Aut dicta molestiae id non vero.', 3, 3);
INSERT INTO `preparation` (`id`, `instructions`, `step`, `recipe_id`) VALUES (59, 'Enim laudantium eos sunt aperiam est iure debitis. Pariatur minima temporibus cum aut vel. Debitis aut labore corrupti doloribus dolores fugiat. Rerum placeat optio ullam numquam aliquam possimus perferendis.', 6, 4);
INSERT INTO `preparation` (`id`, `instructions`, `step`, `recipe_id`) VALUES (60, 'Consequatur ea mollitia omnis placeat accusantium labore alias. Quia et sed sunt est vitae asperiores. Ab vitae reprehenderit molestiae ut nam sit. Et possimus neque doloremque.', 3, 5);
INSERT INTO `preparation` (`id`, `instructions`, `step`, `recipe_id`) VALUES (61, 'Voluptas sed dolorum tempora illum est voluptates ab. Rerum deserunt qui libero accusantium. Architecto eius et aliquid pariatur necessitatibus. Non eveniet commodi aut veniam. Alias fuga perspiciatis facere quisquam.', 2, 1);
INSERT INTO `preparation` (`id`, `instructions`, `step`, `recipe_id`) VALUES (62, 'Beatae a sed ad vero aut. Est fugit nihil eos magnam excepturi aspernatur. Id et sint dolor eaque quidem accusantium qui.', 0, 2);
INSERT INTO `preparation` (`id`, `instructions`, `step`, `recipe_id`) VALUES (63, 'Consequuntur quos laboriosam doloremque est neque enim. Consequatur minus omnis voluptas illum doloremque et accusantium. Exercitationem error assumenda excepturi ducimus voluptatum.', 9, 3);
INSERT INTO `preparation` (`id`, `instructions`, `step`, `recipe_id`) VALUES (64, 'Fugiat dolor est harum beatae delectus ab. Nemo aliquid in impedit eum quod dolores provident. Consequatur velit aut fugit perferendis dolore. Qui iusto et vel.', 6, 4);
INSERT INTO `preparation` (`id`, `instructions`, `step`, `recipe_id`) VALUES (65, 'Sapiente laboriosam soluta dolor ratione quia iure. Voluptatem accusamus distinctio aut illo quia quod. Autem officiis voluptatem soluta quia deleniti unde.', 6, 5);
INSERT INTO `preparation` (`id`, `instructions`, `step`, `recipe_id`) VALUES (66, 'Sint omnis ut est hic non. Aut totam qui velit rerum ut totam. Asperiores et quibusdam ut earum. Qui dolorem voluptas aut hic.', 2, 1);
INSERT INTO `preparation` (`id`, `instructions`, `step`, `recipe_id`) VALUES (67, 'At unde eius beatae non voluptatibus. Et quisquam sit doloremque sit voluptatem sit. Voluptatem architecto rem facere voluptate illum aut. Necessitatibus voluptas sed tempore rerum nisi laboriosam ex. Corrupti esse autem assumenda suscipit iste est.', 4, 2);
INSERT INTO `preparation` (`id`, `instructions`, `step`, `recipe_id`) VALUES (68, 'Earum et aut ipsum quod odio. Ut ut et sint deserunt necessitatibus temporibus laborum repellendus. Voluptate fugiat ut quaerat repudiandae est sapiente ut.', 4, 3);
INSERT INTO `preparation` (`id`, `instructions`, `step`, `recipe_id`) VALUES (69, 'Qui id praesentium et sapiente quisquam. Asperiores saepe eius sit voluptatibus sequi voluptas sunt. Enim vitae exercitationem nam enim quia molestiae aut. Dolores iure quod saepe odio qui nulla nihil nihil.', 3, 4);
INSERT INTO `preparation` (`id`, `instructions`, `step`, `recipe_id`) VALUES (70, 'Necessitatibus qui perspiciatis dolorem id consequatur ratione est. Labore itaque fugit quidem unde laborum amet veniam. Provident quidem ab et reiciendis. Suscipit aliquid enim modi voluptas.', 4, 5);
INSERT INTO `preparation` (`id`, `instructions`, `step`, `recipe_id`) VALUES (71, 'Incidunt pariatur eaque cum quas saepe aliquam voluptatem. Aut exercitationem corporis natus quia et cumque. Et reprehenderit at quos perferendis omnis minus omnis. Dicta quas eligendi esse est sint temporibus et ut.', 1, 1);
INSERT INTO `preparation` (`id`, `instructions`, `step`, `recipe_id`) VALUES (72, 'Quasi ut veritatis quo rerum possimus delectus. Cum iste impedit sit. Optio voluptatem ea modi. Aut est explicabo et est repellat dolorem.', 8, 2);
INSERT INTO `preparation` (`id`, `instructions`, `step`, `recipe_id`) VALUES (73, 'Et sed et exercitationem fuga nesciunt est laudantium. Soluta ut voluptatum voluptas possimus sit. Eum at autem id non ab illo. Cupiditate atque blanditiis at ut autem nesciunt explicabo.', 5, 3);
INSERT INTO `preparation` (`id`, `instructions`, `step`, `recipe_id`) VALUES (74, 'Vitae quod harum incidunt vel temporibus doloremque. Et non totam nihil est. Error et quia ut accusamus.', 6, 4);
INSERT INTO `preparation` (`id`, `instructions`, `step`, `recipe_id`) VALUES (75, 'Praesentium quis dolorem libero et optio. Aperiam quod nostrum earum voluptas est eum. Nobis ab non cumque soluta non. Et id illo voluptas quod assumenda aliquam quisquam aliquam. Nemo delectus sit harum aut aut.', 2, 5);
INSERT INTO `preparation` (`id`, `instructions`, `step`, `recipe_id`) VALUES (76, 'Ut esse alias voluptatibus vero. Delectus dignissimos rerum ad a. Qui ut dolor est quam vel.', 7, 1);
INSERT INTO `preparation` (`id`, `instructions`, `step`, `recipe_id`) VALUES (77, 'Sunt sint illo inventore sequi modi. Qui quaerat sed quis nisi aperiam. Et quaerat optio eius sint quae. Temporibus asperiores maiores autem illum quisquam eos laborum.', 6, 2);
INSERT INTO `preparation` (`id`, `instructions`, `step`, `recipe_id`) VALUES (78, 'Nostrum non laboriosam accusamus nam sed. Vel ad minima quas rerum. Quos et ut ea consequatur magnam amet nulla.', 8, 3);
INSERT INTO `preparation` (`id`, `instructions`, `step`, `recipe_id`) VALUES (79, 'Pariatur iste ipsa nobis ex labore minus doloremque. Harum perspiciatis non vel maiores. Et ipsa sit doloremque distinctio eum eaque fugiat. Voluptas quidem sint non nesciunt aut sed velit. Molestias occaecati eum est vel quo id aut.', 1, 4);
INSERT INTO `preparation` (`id`, `instructions`, `step`, `recipe_id`) VALUES (80, 'Repellat et eos deserunt doloribus delectus ea in officiis. Mollitia doloribus asperiores beatae dolorum aut illum.', 4, 5);
INSERT INTO `preparation` (`id`, `instructions`, `step`, `recipe_id`) VALUES (81, 'Ab voluptas iure sunt cumque voluptatem repellendus et. Laboriosam commodi repudiandae doloremque consequatur iste. Veniam quibusdam quo ut consequatur aut impedit. Alias fugit maxime exercitationem autem.', 1, 1);
INSERT INTO `preparation` (`id`, `instructions`, `step`, `recipe_id`) VALUES (82, 'Aut similique earum eos quo. Facere sed earum eos nihil aut aliquid fugit. Tenetur aut quaerat modi dolorum asperiores. Praesentium asperiores similique qui excepturi assumenda.', 1, 2);
INSERT INTO `preparation` (`id`, `instructions`, `step`, `recipe_id`) VALUES (83, 'Perferendis optio est maiores modi repudiandae soluta. Error eos dicta harum doloribus veritatis et iste. Aut ullam accusantium sed aut officia corporis incidunt fugit. Qui perferendis consequatur et enim consectetur sit.', 0, 3);
INSERT INTO `preparation` (`id`, `instructions`, `step`, `recipe_id`) VALUES (84, 'Ut aperiam commodi impedit est est. Alias ex error eum animi dolores vitae. Asperiores id ratione repellat deserunt neque facilis dolore.', 2, 4);
INSERT INTO `preparation` (`id`, `instructions`, `step`, `recipe_id`) VALUES (85, 'Laudantium fuga error et recusandae accusantium sunt. Voluptas eos ut expedita repellat voluptatem dolor voluptas. Consequatur aliquam repellat natus qui omnis blanditiis.', 6, 5);
INSERT INTO `preparation` (`id`, `instructions`, `step`, `recipe_id`) VALUES (86, 'Neque cupiditate tenetur aut accusamus aliquid expedita iste. Earum iusto nemo ut sequi delectus incidunt excepturi reiciendis. Exercitationem cumque voluptatem perferendis delectus id perferendis ipsa.', 9, 1);
INSERT INTO `preparation` (`id`, `instructions`, `step`, `recipe_id`) VALUES (87, 'Vel non porro omnis soluta autem architecto praesentium officiis. Perferendis et quia totam voluptatem. Qui et illo recusandae illo suscipit aliquam. Qui in quisquam dolores est dolorem quae.', 3, 2);
INSERT INTO `preparation` (`id`, `instructions`, `step`, `recipe_id`) VALUES (88, 'Minima non quia porro eos incidunt eveniet. Nihil repellat nihil quod voluptas. Tenetur at ducimus velit et. Voluptas repellat eum deleniti quis voluptas.', 5, 3);
INSERT INTO `preparation` (`id`, `instructions`, `step`, `recipe_id`) VALUES (89, 'Rerum eius est in cum deleniti aperiam officiis ut. Quia fugit veritatis et in eum. Beatae doloremque explicabo sit tempora. Neque quam beatae cumque pariatur inventore quia consequuntur.', 1, 4);
INSERT INTO `preparation` (`id`, `instructions`, `step`, `recipe_id`) VALUES (90, 'Labore tempora molestiae amet ullam. Assumenda ut sunt libero culpa. Exercitationem officia nobis rerum qui et omnis vero. Sequi sed ducimus nihil nemo facilis minus amet deserunt. Deserunt velit dignissimos sed qui aut ab amet.', 0, 5);
INSERT INTO `preparation` (`id`, `instructions`, `step`, `recipe_id`) VALUES (91, 'Possimus rerum quidem et eveniet eum asperiores possimus laudantium. Maiores aut occaecati recusandae omnis accusantium molestias. Perferendis assumenda eum vitae ex ab occaecati. Dicta sit quasi molestiae nisi tempora laborum.', 0, 1);
INSERT INTO `preparation` (`id`, `instructions`, `step`, `recipe_id`) VALUES (92, 'Omnis sed repudiandae est ex. Laborum exercitationem quia rerum veniam aut dolores qui. Amet ipsam officiis vitae consequuntur. Tempora sit quo suscipit necessitatibus dicta dolorum.', 8, 2);
INSERT INTO `preparation` (`id`, `instructions`, `step`, `recipe_id`) VALUES (93, 'Similique voluptatem aspernatur nostrum et dolore ex. Aut eos quaerat repudiandae nihil. Quisquam facilis aut incidunt odio qui eum repudiandae.', 2, 3);
INSERT INTO `preparation` (`id`, `instructions`, `step`, `recipe_id`) VALUES (94, 'Facilis soluta beatae ea qui qui veritatis corporis. Dolorem asperiores ipsam minus aut quas qui. Dolore consequatur quis neque ab voluptas quisquam maxime beatae. Saepe adipisci iusto nam dolorem.', 9, 4);
INSERT INTO `preparation` (`id`, `instructions`, `step`, `recipe_id`) VALUES (95, 'Molestiae quaerat culpa sint quo. Reprehenderit dolor aliquam eum voluptates. Itaque dolor minima aut quis est voluptas.', 0, 5);
INSERT INTO `preparation` (`id`, `instructions`, `step`, `recipe_id`) VALUES (96, 'Quam earum aut suscipit qui. Tempora magnam sit eius.', 4, 1);
INSERT INTO `preparation` (`id`, `instructions`, `step`, `recipe_id`) VALUES (97, 'Sit rerum incidunt tempore molestias dolorem enim in. Eaque aperiam vero fugit in consequatur est quo. Ducimus accusantium voluptatum eum nihil sit consequatur. Dolores voluptatem unde numquam voluptatibus.', 2, 2);
INSERT INTO `preparation` (`id`, `instructions`, `step`, `recipe_id`) VALUES (98, 'Eaque et quos fugit occaecati repudiandae impedit. Rerum sint maxime sit similique. Similique totam hic fugiat quia. Qui neque aut earum eius pariatur ipsa.', 0, 3);
INSERT INTO `preparation` (`id`, `instructions`, `step`, `recipe_id`) VALUES (99, 'Quibusdam sit facere nulla doloribus veniam. Porro ipsum ut incidunt quia et possimus. Qui fuga expedita illo. Odit suscipit soluta suscipit suscipit aut.', 2, 4);
INSERT INTO `preparation` (`id`, `instructions`, `step`, `recipe_id`) VALUES (100, 'In iusto libero qui aliquam. Voluptas blanditiis beatae voluptatum mollitia est velit est. Quod modi enim est sint sit esse. Aut repellendus amet quasi ad.', 7, 5);


INSERT INTO `rating` (`id`, `rating`, `recipe_id`, `user_id`) VALUES (1, 351526942, 1, 1);
INSERT INTO `rating` (`id`, `rating`, `recipe_id`, `user_id`) VALUES (2, 294895, 2, 2);
INSERT INTO `rating` (`id`, `rating`, `recipe_id`, `user_id`) VALUES (3, 704, 3, 3);
INSERT INTO `rating` (`id`, `rating`, `recipe_id`, `user_id`) VALUES (4, 87589420, 4, 4);
INSERT INTO `rating` (`id`, `rating`, `recipe_id`, `user_id`) VALUES (5, 77367, 5, 5);
INSERT INTO `rating` (`id`, `rating`, `recipe_id`, `user_id`) VALUES (6, 1253208, 1, 6);
INSERT INTO `rating` (`id`, `rating`, `recipe_id`, `user_id`) VALUES (7, 7385440, 2, 7);
INSERT INTO `rating` (`id`, `rating`, `recipe_id`, `user_id`) VALUES (8, 2, 3, 8);
INSERT INTO `rating` (`id`, `rating`, `recipe_id`, `user_id`) VALUES (9, 650, 4, 9);
INSERT INTO `rating` (`id`, `rating`, `recipe_id`, `user_id`) VALUES (10, 616, 5, 10);
INSERT INTO `rating` (`id`, `rating`, `recipe_id`, `user_id`) VALUES (11, 91, 1, 11);
INSERT INTO `rating` (`id`, `rating`, `recipe_id`, `user_id`) VALUES (12, 8459, 2, 12);
INSERT INTO `rating` (`id`, `rating`, `recipe_id`, `user_id`) VALUES (13, 68946, 3, 13);
INSERT INTO `rating` (`id`, `rating`, `recipe_id`, `user_id`) VALUES (14, 7525, 4, 14);
INSERT INTO `rating` (`id`, `rating`, `recipe_id`, `user_id`) VALUES (15, 9950, 5, 15);
INSERT INTO `rating` (`id`, `rating`, `recipe_id`, `user_id`) VALUES (16, 952509015, 1, 16);
INSERT INTO `rating` (`id`, `rating`, `recipe_id`, `user_id`) VALUES (17, 4431, 2, 17);
INSERT INTO `rating` (`id`, `rating`, `recipe_id`, `user_id`) VALUES (18, 3, 3, 18);
INSERT INTO `rating` (`id`, `rating`, `recipe_id`, `user_id`) VALUES (19, 7, 4, 19);
INSERT INTO `rating` (`id`, `rating`, `recipe_id`, `user_id`) VALUES (20, 48627080, 5, 20);
INSERT INTO `rating` (`id`, `rating`, `recipe_id`, `user_id`) VALUES (21, 818202, 1, 1);
INSERT INTO `rating` (`id`, `rating`, `recipe_id`, `user_id`) VALUES (22, 53708561, 2, 2);
INSERT INTO `rating` (`id`, `rating`, `recipe_id`, `user_id`) VALUES (23, 7747, 3, 3);
INSERT INTO `rating` (`id`, `rating`, `recipe_id`, `user_id`) VALUES (24, 887076, 4, 4);
INSERT INTO `rating` (`id`, `rating`, `recipe_id`, `user_id`) VALUES (25, 6670, 5, 5);
INSERT INTO `rating` (`id`, `rating`, `recipe_id`, `user_id`) VALUES (26, 0, 1, 6);
INSERT INTO `rating` (`id`, `rating`, `recipe_id`, `user_id`) VALUES (27, 184705, 2, 7);
INSERT INTO `rating` (`id`, `rating`, `recipe_id`, `user_id`) VALUES (28, 6, 3, 8);
INSERT INTO `rating` (`id`, `rating`, `recipe_id`, `user_id`) VALUES (29, 731, 4, 9);
INSERT INTO `rating` (`id`, `rating`, `recipe_id`, `user_id`) VALUES (30, 926, 5, 10);
INSERT INTO `rating` (`id`, `rating`, `recipe_id`, `user_id`) VALUES (31, 0, 1, 11);
INSERT INTO `rating` (`id`, `rating`, `recipe_id`, `user_id`) VALUES (32, 9951, 2, 12);
INSERT INTO `rating` (`id`, `rating`, `recipe_id`, `user_id`) VALUES (33, 18857334, 3, 13);
INSERT INTO `rating` (`id`, `rating`, `recipe_id`, `user_id`) VALUES (34, 1953, 4, 14);
INSERT INTO `rating` (`id`, `rating`, `recipe_id`, `user_id`) VALUES (35, 0, 5, 15);
INSERT INTO `rating` (`id`, `rating`, `recipe_id`, `user_id`) VALUES (36, 25367095, 1, 16);
INSERT INTO `rating` (`id`, `rating`, `recipe_id`, `user_id`) VALUES (37, 8, 2, 17);
INSERT INTO `rating` (`id`, `rating`, `recipe_id`, `user_id`) VALUES (38, 0, 3, 18);
INSERT INTO `rating` (`id`, `rating`, `recipe_id`, `user_id`) VALUES (39, 64095962, 4, 19);
INSERT INTO `rating` (`id`, `rating`, `recipe_id`, `user_id`) VALUES (40, 868078, 5, 20);
INSERT INTO `rating` (`id`, `rating`, `recipe_id`, `user_id`) VALUES (41, 41303142, 1, 1);
INSERT INTO `rating` (`id`, `rating`, `recipe_id`, `user_id`) VALUES (42, 1539171, 2, 2);
INSERT INTO `rating` (`id`, `rating`, `recipe_id`, `user_id`) VALUES (43, 6687102, 3, 3);
INSERT INTO `rating` (`id`, `rating`, `recipe_id`, `user_id`) VALUES (44, 986, 4, 4);
INSERT INTO `rating` (`id`, `rating`, `recipe_id`, `user_id`) VALUES (45, 2374069, 5, 5);
INSERT INTO `rating` (`id`, `rating`, `recipe_id`, `user_id`) VALUES (46, 217002581, 1, 6);
INSERT INTO `rating` (`id`, `rating`, `recipe_id`, `user_id`) VALUES (47, 92585819, 2, 7);
INSERT INTO `rating` (`id`, `rating`, `recipe_id`, `user_id`) VALUES (48, 3995833, 3, 8);
INSERT INTO `rating` (`id`, `rating`, `recipe_id`, `user_id`) VALUES (49, 74, 4, 9);
INSERT INTO `rating` (`id`, `rating`, `recipe_id`, `user_id`) VALUES (50, 933113, 5, 10);
INSERT INTO `rating` (`id`, `rating`, `recipe_id`, `user_id`) VALUES (51, 493756453, 1, 11);
INSERT INTO `rating` (`id`, `rating`, `recipe_id`, `user_id`) VALUES (52, 887385, 2, 12);
INSERT INTO `rating` (`id`, `rating`, `recipe_id`, `user_id`) VALUES (53, 657, 3, 13);
INSERT INTO `rating` (`id`, `rating`, `recipe_id`, `user_id`) VALUES (54, 19, 4, 14);
INSERT INTO `rating` (`id`, `rating`, `recipe_id`, `user_id`) VALUES (55, 0, 5, 15);
INSERT INTO `rating` (`id`, `rating`, `recipe_id`, `user_id`) VALUES (56, 245055, 1, 16);
INSERT INTO `rating` (`id`, `rating`, `recipe_id`, `user_id`) VALUES (57, 25356766, 2, 17);
INSERT INTO `rating` (`id`, `rating`, `recipe_id`, `user_id`) VALUES (58, 42465, 3, 18);
INSERT INTO `rating` (`id`, `rating`, `recipe_id`, `user_id`) VALUES (59, 6, 4, 19);
INSERT INTO `rating` (`id`, `rating`, `recipe_id`, `user_id`) VALUES (60, 0, 5, 20);
INSERT INTO `rating` (`id`, `rating`, `recipe_id`, `user_id`) VALUES (61, 1763, 1, 1);
INSERT INTO `rating` (`id`, `rating`, `recipe_id`, `user_id`) VALUES (62, 986, 2, 2);
INSERT INTO `rating` (`id`, `rating`, `recipe_id`, `user_id`) VALUES (63, 9, 3, 3);
INSERT INTO `rating` (`id`, `rating`, `recipe_id`, `user_id`) VALUES (64, 807, 4, 4);
INSERT INTO `rating` (`id`, `rating`, `recipe_id`, `user_id`) VALUES (65, 64093337, 5, 5);
INSERT INTO `rating` (`id`, `rating`, `recipe_id`, `user_id`) VALUES (66, 998, 1, 6);
INSERT INTO `rating` (`id`, `rating`, `recipe_id`, `user_id`) VALUES (67, 66777, 2, 7);
INSERT INTO `rating` (`id`, `rating`, `recipe_id`, `user_id`) VALUES (68, 97732, 3, 8);
INSERT INTO `rating` (`id`, `rating`, `recipe_id`, `user_id`) VALUES (69, 5152, 4, 9);
INSERT INTO `rating` (`id`, `rating`, `recipe_id`, `user_id`) VALUES (70, 86623, 5, 10);
INSERT INTO `rating` (`id`, `rating`, `recipe_id`, `user_id`) VALUES (71, 7, 1, 11);
INSERT INTO `rating` (`id`, `rating`, `recipe_id`, `user_id`) VALUES (72, 135874060, 2, 12);
INSERT INTO `rating` (`id`, `rating`, `recipe_id`, `user_id`) VALUES (73, 0, 3, 13);
INSERT INTO `rating` (`id`, `rating`, `recipe_id`, `user_id`) VALUES (74, 4948866, 4, 14);
INSERT INTO `rating` (`id`, `rating`, `recipe_id`, `user_id`) VALUES (75, 510400836, 5, 15);
INSERT INTO `rating` (`id`, `rating`, `recipe_id`, `user_id`) VALUES (76, 124326, 1, 16);
INSERT INTO `rating` (`id`, `rating`, `recipe_id`, `user_id`) VALUES (77, 757, 2, 17);
INSERT INTO `rating` (`id`, `rating`, `recipe_id`, `user_id`) VALUES (78, 770683, 3, 18);
INSERT INTO `rating` (`id`, `rating`, `recipe_id`, `user_id`) VALUES (79, 86420, 4, 19);
INSERT INTO `rating` (`id`, `rating`, `recipe_id`, `user_id`) VALUES (80, 96085, 5, 20);
INSERT INTO `rating` (`id`, `rating`, `recipe_id`, `user_id`) VALUES (81, 7941, 1, 1);
INSERT INTO `rating` (`id`, `rating`, `recipe_id`, `user_id`) VALUES (82, 247, 2, 2);
INSERT INTO `rating` (`id`, `rating`, `recipe_id`, `user_id`) VALUES (83, 1918011, 3, 3);
INSERT INTO `rating` (`id`, `rating`, `recipe_id`, `user_id`) VALUES (84, 3543397, 4, 4);
INSERT INTO `rating` (`id`, `rating`, `recipe_id`, `user_id`) VALUES (85, 165, 5, 5);
INSERT INTO `rating` (`id`, `rating`, `recipe_id`, `user_id`) VALUES (86, 64, 1, 6);
INSERT INTO `rating` (`id`, `rating`, `recipe_id`, `user_id`) VALUES (87, 6244393, 2, 7);
INSERT INTO `rating` (`id`, `rating`, `recipe_id`, `user_id`) VALUES (88, 0, 3, 8);
INSERT INTO `rating` (`id`, `rating`, `recipe_id`, `user_id`) VALUES (89, 86596715, 4, 9);
INSERT INTO `rating` (`id`, `rating`, `recipe_id`, `user_id`) VALUES (90, 50, 5, 10);
INSERT INTO `rating` (`id`, `rating`, `recipe_id`, `user_id`) VALUES (91, 1144, 1, 11);
INSERT INTO `rating` (`id`, `rating`, `recipe_id`, `user_id`) VALUES (92, 45640, 2, 12);
INSERT INTO `rating` (`id`, `rating`, `recipe_id`, `user_id`) VALUES (93, 303, 3, 13);
INSERT INTO `rating` (`id`, `rating`, `recipe_id`, `user_id`) VALUES (94, 4206, 4, 14);
INSERT INTO `rating` (`id`, `rating`, `recipe_id`, `user_id`) VALUES (95, 19, 5, 15);
INSERT INTO `rating` (`id`, `rating`, `recipe_id`, `user_id`) VALUES (96, 3574, 1, 16);
INSERT INTO `rating` (`id`, `rating`, `recipe_id`, `user_id`) VALUES (97, 117, 2, 17);
INSERT INTO `rating` (`id`, `rating`, `recipe_id`, `user_id`) VALUES (98, 0, 3, 18);
INSERT INTO `rating` (`id`, `rating`, `recipe_id`, `user_id`) VALUES (99, 912284362, 4, 19);
INSERT INTO `rating` (`id`, `rating`, `recipe_id`, `user_id`) VALUES (100, 0, 5, 20);


INSERT INTO `recipe` (`id`, `description`, `image`, `slug`, `time_added`, `title`, `kitchen_region_id`, `kitchen_type_id`, `user_id`) VALUES (1, 'Ut enim ipsum consequatur consequatur est fugiat aliquam qui. Explicabo dolores accusamus quisquam laborum sit. Cum quas earum officiis sed aliquam error non.', 'tmp//44a159ee0dd444551321f78dbc708d8e.jpg', '277', '2001-08-13 07:19:09', 'Velit ipsa aliquid quae amet at voluptatum.', 1, 1, 1);
INSERT INTO `recipe` (`id`, `description`, `image`, `slug`, `time_added`, `title`, `kitchen_region_id`, `kitchen_type_id`, `user_id`) VALUES (2, 'Et illum natus vitae maxime velit quia eos earum. Iusto recusandae fugit optio officiis. Necessitatibus tempore dignissimos aspernatur.', 'tmp//2a460e6bb15a3c03499c3590195f3493.jpg', '865', '1998-07-23 08:11:43', 'Animi sed consequuntur reiciendis excepturi molestiae qui.', 2, 2, 2);
INSERT INTO `recipe` (`id`, `description`, `image`, `slug`, `time_added`, `title`, `kitchen_region_id`, `kitchen_type_id`, `user_id`) VALUES (3, 'Amet doloribus rerum delectus nihil illo in. Omnis enim beatae et exercitationem assumenda voluptate quo consequatur. Dolores dolorem magni nobis aspernatur sit sequi at. Illo repellendus sed error nam sit enim. Temporibus non soluta fugiat quia.', 'tmp//68e3e7b981c61f2b0a622e4aa5d09299.jpg', '381', '1996-01-08 05:07:51', 'Iure et minus voluptatem.', 3, 3, 3);
INSERT INTO `recipe` (`id`, `description`, `image`, `slug`, `time_added`, `title`, `kitchen_region_id`, `kitchen_type_id`, `user_id`) VALUES (4, 'Reiciendis eos qui consequatur laboriosam sit. Molestiae quo molestiae dolorum cum voluptas sit deleniti. Ratione illo cumque consequatur asperiores. Repellat et iste maxime eligendi blanditiis nobis molestiae.', 'tmp//c0709d493d63a7dd3994d8600f4964f1.jpg', '898', '1989-06-12 08:28:56', 'Ex dolorum fugit libero ut.', 4, 4, 4);
INSERT INTO `recipe` (`id`, `description`, `image`, `slug`, `time_added`, `title`, `kitchen_region_id`, `kitchen_type_id`, `user_id`) VALUES (5, 'Dolorem doloremque autem ut sint nobis. Hic possimus molestiae deleniti non ex ipsa.', 'tmp//ae1490f80602b6a9686a0a142a87d96e.jpg', '263', '2014-03-23 08:02:19', 'Sint quae rerum omnis facere dolorem eum quia.', 5, 5, 5);


INSERT INTO `user` (`id`, `email`, `image`, `name`, `password`) VALUES (1, 'karl.king@example.net', 'tmp//bb0a4b826a0893ef98889d50a5de3469.jpg', 'Gerry Towne Sr.', '8e74d1f71552bc7c3e9348abeffaa5c505552bef');
INSERT INTO `user` (`id`, `email`, `image`, `name`, `password`) VALUES (2, 'laila.hand@example.net', 'tmp//903e5338f5cd2f68569a6049b985fc73.jpg', 'Michaela Bins', '39b331373c6a1bc43577b40acdc7ea5e92fd3a51');
INSERT INTO `user` (`id`, `email`, `image`, `name`, `password`) VALUES (3, 'pharvey@example.net', 'tmp//52082cdbcf5ef9c1662a704c9b2fb3a5.jpg', 'Felton Boyle', '56151013f7a3599b43c5fcc54f4e69027dc2426c');
INSERT INTO `user` (`id`, `email`, `image`, `name`, `password`) VALUES (4, 'waylon91@example.org', 'tmp//a07f935178edc520e6e3e792c0dfab18.jpg', 'Dale McGlynn', '1388754af9d8a05eddb0e6009f2108a9e47682b6');
INSERT INTO `user` (`id`, `email`, `image`, `name`, `password`) VALUES (5, 'julien.lebsack@example.org', 'tmp//1286875dca862dbadb20b58132fa5acb.jpg', 'Odell Brown', '463b45dd8a75af2e430f1949d6b61e2aa5fe0217');
INSERT INTO `user` (`id`, `email`, `image`, `name`, `password`) VALUES (6, 'josefina.mosciski@example.com', 'tmp//213ec148286edcf736cf1de3fc676cea.jpg', 'Eliza Halvorson', '411bf959399f847b2fcb9f089ff35d9005ccdf04');
INSERT INTO `user` (`id`, `email`, `image`, `name`, `password`) VALUES (7, 'kaitlyn.mclaughlin@example.org', 'tmp//0f26f61747c845441fdd61498456bd91.jpg', 'Dr. Hallie Kuphal I', '9279601df8a0c6c8ed17241c4b558f555b6ec6cf');
INSERT INTO `user` (`id`, `email`, `image`, `name`, `password`) VALUES (8, 'nia04@example.com', 'tmp//34a5b1d0b8e9ddf9884df590687a9c15.jpg', 'Una Jakubowski', '0ac265eda001fd34ac3ff1418f4c8217d54710ac');
INSERT INTO `user` (`id`, `email`, `image`, `name`, `password`) VALUES (9, 'boyer.devon@example.org', 'tmp//34f6b06605b14e3080a61da38d7481f0.jpg', 'Chasity Carter', '54ee75346977b65650f7805d846368b269235869');
INSERT INTO `user` (`id`, `email`, `image`, `name`, `password`) VALUES (10, 'brad38@example.com', 'tmp//bc76e042231aaa424c6d9c0b8d2bc179.jpg', 'Mr. Kayden Luettgen IV', 'a05417f4b533b8c8be5919d9f00e41bc6ec1c95b');
INSERT INTO `user` (`id`, `email`, `image`, `name`, `password`) VALUES (11, 'schuppe.marlee@example.com', 'tmp//b4f3fb50721421244bce70be0c555636.jpg', 'Miss Carissa Beatty', '0b28d2407e7ef0618782d3dcc22cba57c70674d7');
INSERT INTO `user` (`id`, `email`, `image`, `name`, `password`) VALUES (12, 'ortiz.elody@example.net', 'tmp//0e444d32f14316e3774b26e629b3b3a8.jpg', 'Daryl Gibson', '7acb536cb2ab154e58b2f83dcb7c109f149bb6c5');
INSERT INTO `user` (`id`, `email`, `image`, `name`, `password`) VALUES (13, 'agustin.bechtelar@example.com', 'tmp//1b2c5bef022f825be332c029221a1581.jpg', 'Cristina Sawayn', '61b709785a01412d265e62f76473bd3bdaed4a2b');
INSERT INTO `user` (`id`, `email`, `image`, `name`, `password`) VALUES (14, 'xavier.trantow@example.com', 'tmp//56ec73eec12d861312b28e14cb93c48d.jpg', 'Clifton Toy', 'ee046d224df5a8b8f0881eda9712d37c5306c35a');
INSERT INTO `user` (`id`, `email`, `image`, `name`, `password`) VALUES (15, 'pchristiansen@example.org', 'tmp//632b6813d07e483c028f3bdeddaede3c.jpg', 'Adolph Spencer III', '1c72d38e741bfc3e5dde76e32e608fdaef20fa64');
INSERT INTO `user` (`id`, `email`, `image`, `name`, `password`) VALUES (16, 'jermain39@example.com', 'tmp//f844bed1131ede528d3aa45d2fa0c692.jpg', 'Adolph Hauck', '8ea0c9f982e45761e9dd94383217989a5604c06d');
INSERT INTO `user` (`id`, `email`, `image`, `name`, `password`) VALUES (17, 'cboyle@example.org', 'tmp//eca05202806e62d060de9280b029e5b0.jpg', 'Giuseppe Wisoky PhD', '128f3da036c050f69c22e3abdba1d209b722556b');
INSERT INTO `user` (`id`, `email`, `image`, `name`, `password`) VALUES (18, 'murray.sylvan@example.com', 'tmp//6f8f2c81948f1ca93d109749d484e248.jpg', 'Patricia Champlin', '57400bcfe7ab127166195af8e050b186bdf4b15d');
INSERT INTO `user` (`id`, `email`, `image`, `name`, `password`) VALUES (19, 'jconn@example.org', 'tmp//0673465c86454d9c2b19fa1771544521.jpg', 'Chris Batz', '24ae50559579280a004172b8ba58a44387e36237');
INSERT INTO `user` (`id`, `email`, `image`, `name`, `password`) VALUES (20, 'zion.roberts@example.net', 'tmp//28c66e55cf692ce6aeaf43adec821400.jpg', 'Wiley Crist II', '00629d68ae6d886f681a8490cbd0ad36d7e6cf5f');


INSERT INTO `user_image` (`id`, `imagedata`, `name`, `type`) VALUES (1, 'tmp//e4e4c75d7daad1fcc017aac7777edc85.jpg', 'omnis', NULL);
INSERT INTO `user_image` (`id`, `imagedata`, `name`, `type`) VALUES (2, 'tmp//6c1ce8d74a9fdae103d0389c63d2a533.jpg', 'rerum', NULL);
INSERT INTO `user_image` (`id`, `imagedata`, `name`, `type`) VALUES (3, 'tmp//94f0a2c78703458dcecf0140a878ca92.jpg', 'deleniti', NULL);
INSERT INTO `user_image` (`id`, `imagedata`, `name`, `type`) VALUES (4, 'tmp//fe1d217637e821e884fb1f77987d09d7.jpg', 'non', NULL);
INSERT INTO `user_image` (`id`, `imagedata`, `name`, `type`) VALUES (5, 'tmp//d3aa7baed0a3a798651255cdb58e14a5.jpg', 'natus', NULL);


